pre_release_defects,post_release_defects,complexity,coupling,cohesion,size,comments,methods,classes,inheritance_depth,polymorphism,fan_in,fan_out,fault
-0.23182616924247532,-1.3261981556428841,1.366472842343359,-0.05186516680556065,-0.15896953926988067,-0.8928546408777307,-1.2498874808582574,0.5638631689243543,0.6698714547586605,0.20154400179942156,-0.7640457815938431,-1.0649988251091498,-1.432248655219893,0.0
-0.5605451760779732,-1.005853564748964,-1.7093096952910454,0.6513450123530482,-1.3190638614849672,0.9839226814307339,0.3940717101134636,0.29434118761839906,1.6653090460600914,-1.2858026340645248,0.873771996048796,-0.29764257302142966,2.57107015662954,0.0
-0.3807944311392094,-0.5423083361256184,0.4255357748572663,-0.20890853220863959,-0.7584629622998692,-0.9702767839358374,1.4582044883874032,-1.1634616318999917,0.22308756038049984,1.0561841396260951,1.1044949854426331,-0.6016524021814399,-0.20618480062576267,0.0
-0.40019350101437273,-1.535018762665875,0.5375173830201151,0.03850364563480881,1.440585080601879,-0.8232050973014229,1.0886965586176958,1.1592341502842047,0.047071686807887377,-2.170861570833669,-0.5125676574442902,1.7858711243041168,0.29705577149190954,0.0
0.6933997058718859,-0.08916658163496832,-0.22344290986312845,-1.8673445686995063,0.7947392170553069,1.0796812047223765,-0.9508622854666883,-0.17885512150830743,-0.31374127735429075,0.4201532939862862,-0.5443635815090949,0.9313409231830024,0.07132431612448889,0.0
-2.5494230555846977,0.44272027519264323,0.9963509875907843,-1.1520616602649387,0.4087269349745743,1.82995966975421,0.11206637517823875,1.1416288643294894,-0.44215497023652023,-0.017964288457156176,-0.20462128792634549,-0.38712042634755656,-0.14772204508307624,0.0
-1.6306817809243175,-0.3308801343832965,1.337806455426785,-0.9636900568518333,-1.0661332714733105,0.061212371394754946,0.11118314335724447,0.3774647190539862,-0.11373857318463888,0.07186416445833355,-0.35088477362899917,-1.2757961552999642,-0.07139186831065085,1.0
0.7245969964424639,0.5150546263523341,-1.7442421269392874,0.2519253633090828,-0.8927695258571692,1.392164005221382,0.3262697829283802,0.8962839601306067,0.02116814441485975,-0.06605499889747726,1.495844917653247,0.9727743966250163,0.11785865224754775,0.0
-0.1996664261373981,-1.7071747255308698,0.3245675348741399,-0.12610396931971468,0.5539560470822761,0.8578188415347864,1.232921095047247,0.33699291089440425,-1.0463604651282052,-2.149313550918133,-0.8246998603567915,1.3334884995050678,1.8234914692994408,0.0
-0.23790075176917547,-1.4609592542823513,-0.6484135750028399,1.137805822697871,-0.5910131735271067,0.5891239476675142,0.16855830129803526,0.710003259037054,1.8180109989470379,0.5897814755343384,0.14691627663792947,1.9283735658089192,0.3495521016250613,0.0
-0.7929474973316006,0.6874652897694855,0.4474555421329706,-0.3079023422705998,-0.5175860524662734,-0.2982594873149079,-0.5318893575017567,-0.2657598187128918,-0.8427966022418615,0.3861546881598157,0.3112013139588193,0.34520177722946915,-0.06236933943665402,0.0
-0.17766325602506206,1.4420057976535152,0.0674058868378028,1.2637668460554767,-0.9964159831663135,0.5891778342013787,-0.7347030366600157,-0.5561519282933344,-0.4119058399275515,-0.47459896860377837,-0.46960465648185074,1.2172750898905649,0.0454111731176399,0.0
0.22505538920960913,-0.4571599635514496,0.8569393037181088,0.3550562782389196,-0.30892864434973827,-1.5842838926266432,0.21629645840187064,0.5756795225354583,-0.9788478383233464,-0.29539461869916234,0.5371605014609561,-1.5709280571217674,-0.6488521834098897,0.0
0.3769089416264014,1.10501843885161,2.1857798122711674,1.9586547683670905,0.1437694823160094,-0.48422688148195236,0.9231222677708861,-0.5435929237236573,-0.7620952849456515,-0.30526605236510046,-0.43067330017710687,0.4126306230658756,-0.6024016221343611,0.0
0.08512205729781484,1.5949534514053203,0.12214071407404775,1.5167422881217778,1.202056601065949,0.5920402367006328,-0.3541527899385204,1.0405079773491042,-0.2499749186380738,-0.002009655026961095,0.330198674165594,-0.005367472393481668,-0.7202677184105369,0.0
-1.5270989149828693,0.9591329303254789,0.5703421268063606,-1.720610992496342,-0.7467873495368568,0.1790654292733845,0.44257235356056795,-1.5184536589670916,-0.08923866654242166,0.5396545952539643,-0.3515118018992803,0.25582964843439365,-0.48755188204447686,0.0
0.9091963516995218,-0.7992857138662712,-1.14207823909438,0.028926864061550688,-1.4335259722884957,-2.10511118806279,1.0837352980540136,-0.9842244815608188,-1.3336515825838127,-0.8117587769496082,-0.8566506314107953,-0.14211146116354398,-1.0934867336859668,0.0
0.49818614225615515,0.6462341311577152,-1.2749914506155353,-0.6180966229483876,-0.523057240038586,-0.16500736136634184,1.0826835169836817,1.1403134150026082,2.4988673861657866,-2.2693739291541783,-0.9242957231516289,1.8140091810749837,-1.8007003177768348,0.0
1.7912650641707064,0.14735127314324467,0.18413277302254438,-1.2797979861194704,-0.4511632200042967,1.7473763597099061,-0.047683135241226755,-0.44449902821020504,0.405719196379236,-0.19221760030265714,0.345151149806441,-0.8497413321599213,-0.07715264860810528,0.0
-0.6410762654407186,-1.8039666406946775,0.4819577872476852,-1.2337728415555556,-0.16474093010410207,0.9260682458279109,-1.49781345654043,0.6046840969496019,-0.2998134569686626,-0.9665234009270639,2.0229232888860684,-0.000556295754835241,-0.5680928895767411,0.0
-0.7802129223664018,0.8811624684366963,-0.6120562264634115,0.7565180985410257,-0.002479831123160667,1.1161880644338484,-1.042539447482884,-0.9030632390960045,-0.28100531403006856,-0.19806649752477593,-0.35455702869701056,2.6314404054265177,2.0632470043519078,1.0
0.2990550748210432,0.41697207405045755,-0.23643218007958092,-1.0498255335181308,-0.18207224055525215,0.7711177514620537,1.305626761568009,0.9957084205227055,-1.5097742931542115,-0.2892276781537132,-1.4688675648659923,1.1688435574027187,-0.41238439480033257,1.0
-0.04711011563103306,0.4800502680050018,2.766139919811899,0.2682749397895262,-0.23827103780625178,-1.24104212120364,1.4586394485031053,-0.18163646429707533,1.6571424649276996,1.1056131129487234,-0.4629561026084717,-1.3922761808559043,0.27256911720360677,0.0
-0.6149035287716018,0.0393458424563057,1.0490496068543376,-1.6535821156248336,0.26461384406821387,0.7595961908857367,0.8081105617560631,-1.363542171187423,0.4193364697739637,1.2035365819066925,0.3432337984000757,-0.11569420610853674,1.1396129405734439,1.0
-0.69431881043883,-1.5298329082032702,-0.20059781493093154,0.5350451917039986,1.0389367614364335,0.5305025741679322,0.8358210687248578,1.0453114301039597,-0.3393770062981106,-0.14793930190758986,1.2871677931498755,-1.2101570242306874,0.42913286152229496,0.0
-0.7167088289170213,1.1002616032309696,-0.017935480575139696,0.007593935378123897,1.7288798873966862,-1.0760427794486462,0.21581947321860304,-0.18012613109782097,0.5324113160430312,1.9293307866889464,-0.6052415099251824,-1.1973977123540451,-0.8093274256820062,1.0
-0.2328180822209189,0.06423083370332693,0.11452879578658232,1.8026609511754337,1.6248390446548415,1.3029464890669604,2.514438636617342,0.8240984566626314,1.10835508351264,0.8047705218937661,0.6409053137937868,0.39439652418284166,-0.39685704491532053,0.0
-1.2467782478378646,-0.1306539689621132,0.5657736996720634,0.07226190097399007,-1.065335694119256,-0.16588304998337827,-0.21800280858313795,-0.062354641968780086,0.4909153489266592,0.7062580369103023,-0.5000514509745525,0.9811211880125139,1.1316381196683123,0.0
0.3203019330485454,0.6647502719530682,0.9842314424619487,-1.0976446495794714,1.054731334981796,-0.7900608725979532,-0.6927016366283786,0.19628916781476102,-2.1440401256746693,0.17562030822576033,0.9817809469558025,-1.6459238464460166,1.0890093245464512,0.0
-0.698787618527455,0.20686178049280077,-0.553574507005462,0.5729184841290459,1.0249475561637635,0.6470103643824976,-0.003981149493700086,-0.47585533659342516,-0.06930202937111309,0.6559714649596418,0.6902663991729188,0.5508265821761223,-1.2825775415570444,0.0
-0.023022458435410016,-0.6334289641971518,0.6649290199058278,-0.7649717533785967,0.4520537580842248,-0.28218776081452973,-1.8790961832657413,0.9309592858879975,-0.025287221863957748,1.2759772957656916,-1.6653090786776372,-0.29152131091749595,-0.21640442095986473,0.0
0.2702062912383115,-1.3251873041569993,0.5440378567737789,1.9116624062810332,0.4745373464655318,0.09287240182351211,-1.3774574070253736,-0.7742461135570251,-0.05584490082277285,-0.5297764708428292,1.0262564262709848,0.5337032009686378,2.6923785876469704,0.0
-0.9808584364242914,0.03311461139173281,-1.3834923725342911,-2.2224407745903245,0.7227209794531527,0.49661538296735624,-0.8545904346457899,0.09302961959342355,-0.6292675989255446,-0.49420745484327605,-0.32028461276627407,-0.8965651774042779,-0.7166499098199567,0.0
-0.688435443944254,0.4228788467533307,-2.7742201759848144,-0.22762926148480273,-1.0876818765376732,-1.0515526862252806,-0.525653374083725,-0.014339709973157937,-0.21441186170669335,-1.0640605097982043,0.7216965184455768,-0.9026039868604906,-0.7347062559261178,0.0
0.2844917858945168,0.3203685642927417,-0.6116996611329786,-2.9361620300991564,-0.8854908865878482,0.16188818624025636,0.6886080536900302,-0.07929665752844665,-0.47898604707561543,2.293211005699324,-0.37248612150535443,0.6122326867911058,-1.335052095426896,1.0
-1.090167849208967,0.6473256114622247,1.0445612757853708,-0.3897168901934041,-1.8486356916305207,-0.1675573394012255,0.18940590077956157,0.09881803892882439,-0.5633896649610052,-0.15288411926093826,-0.7497768442841058,-1.11183822373686,0.755668520646805,1.0
0.09779831340271064,-0.1506835586223298,-0.5071477427721613,-0.18017355653507985,0.16031642878699645,1.7286815758143066,0.654536849827144,-0.6663091219490861,-0.6557637427056909,-0.8116811003245956,-0.20052053125297437,-0.8124514502408846,0.47482374498962565,0.0
-2.643516255798053,0.5351683092747441,0.2753774878054306,1.2627424831476395,0.876789554553953,-0.6836977852540534,0.7642980809385072,-0.1680674772143007,-1.93430675744427,0.15883193972889184,-0.6242534205706949,0.0002215163969999024,1.6514498302752436,0.0
0.22478690273215843,-1.0173348511899962,0.9644150056162036,0.36254257013643854,-1.1351618290319083,-1.606237767474656,-0.9773375592187207,0.8363018006717221,-0.30160213364304606,0.08114251895541082,-1.3385296707761687,0.8632189790174234,-2.015183664357737,1.0
-0.6553775160676849,0.4184638591137938,-1.1226314450393453,0.6141292794504429,-0.8691939785516023,-1.226070592816307,1.2864820646444746,0.15393019309900502,0.5190360780496264,1.0182095845526968,-2.61929894950093,0.6347826399703193,-0.7610251844943472,0.0
-0.6292727907739142,0.43744107766558654,-0.36304077340945273,0.5945210754565203,-0.04084296751608182,0.168209014684057,-0.49022159201528936,-1.0649332891581382,-0.740317570747505,-0.10282413047994443,1.8372383927745388,1.4719063991135422,-0.6532959778593946,0.0
0.060257677332475244,-0.2877229739460477,0.13026661886902416,0.258912747542776,0.5275150157556011,-2.9011387818174086,0.36649866588694,-0.398921029216647,-0.7049379142316038,0.7942566781620701,1.4668244164047686,0.6890031440414071,-0.5185516072110946,0.0
-1.0760056501389106,-3.0062444281096803,0.18251599658135578,0.5790161077944365,-0.10186351009803027,0.9337462088379921,-1.3201902358324924,-0.1712389564550487,-0.25030095958789006,-0.11010868425606624,1.1679316629539074,-0.10484222409876263,-0.29479245077252947,0.0
-0.9366934798105313,1.3285794714214596,-1.4311962225786272,-0.5529994328474125,1.6939370670974931,0.46824329807153453,-0.020176651701270153,0.021692055526284188,-0.9463779873578178,-0.06852724485752469,-0.34986583899579315,0.179628599455004,-1.5062413856263086,0.0
0.3978520077693193,1.0166296748863088,-0.2038231251205735,0.6470983933058072,0.31034627484457733,-0.6077401401660559,-1.0585256864571149,-0.9183884887206587,0.29289256915471507,-0.05614513198520448,1.2750930218816978,0.7908701122038941,0.7887849831273013,1.0
0.26308080171222237,-0.9621989493216646,0.32533929597499167,0.06385316502822268,-1.1383813885557479,1.2099492585587117,1.1022893749291518,-1.1441491444170604,-0.6377949051165285,-0.5499502194404766,0.6098515437996151,0.4947251804539964,0.04440721278635651,0.0
0.27385728039912516,-1.2876321964455335,0.3813612813584527,-0.10088537554607048,-0.6790431825585895,-1.532506273930319,0.02696115618635197,0.3569598962178099,-1.7024818017065875,0.018486070656429827,0.12223975184849553,-0.5542295431476606,0.37983820239517424,0.0
-0.13266241627731973,0.28317100533636375,0.5342469328750559,0.5348069061505235,1.016820493446502,0.33832518878458007,-0.47704074077682074,-0.647790044753197,-1.0633087528686225,0.15117964311290605,1.3213117146525233,-0.35845260598715023,0.4496082477099598,0.0
-0.7522800045151605,0.1948049151606344,1.25934712807444,0.6862479733319425,-1.5708120331391568,0.5706948160355445,0.616225778793552,0.17348697322708878,0.6675221127023412,-0.8335020397175382,0.06326315480408605,1.1101739409381017,1.0199494834663676,0.0
0.5480449740059711,-0.882995223500883,-1.0404637706192785,0.11454367444335421,0.18077423872584042,-0.10037177227725663,-0.8047849781966527,0.4369610753903937,0.1101653486945414,0.28982431655047347,0.5934337596241102,-0.2736497876780127,-0.4887583773794366,0.0
1.1075653233086231,-0.7573584865301681,-0.46917419946200767,1.2342478154274732,-0.5470242510096601,-0.09861764364055987,-0.4119698691130282,-1.7832214812837974,-0.12330765200479676,-1.010621763578548,0.2545804326435609,1.105638510041112,-2.214173733173655,0.0
-0.4069169840002802,0.4523232329649811,-2.1833489184297776,1.3362653604222314,0.3798920368034835,1.0832128219319013,-0.5639478631114292,-0.44332077027619093,-0.16093635479906948,2.13820904755154,1.3181053604970665,0.13234769950874692,0.2544017716507839,0.0
0.634903811584933,2.391554820991459,0.3827197930570508,0.04595939611876998,-0.3385983966149878,0.23491524751944107,-0.5870218183512091,0.4960923380768729,-1.4325966297915411,-0.26050058940633264,0.7346328547273364,0.36912365433735395,-0.46262462005165167,0.0
-0.23202451041663838,1.0353346866922113,-1.2104016960234212,-1.2045936479113302,-0.9296339521774971,-0.010677864266643562,-1.3567380672561922,0.9530015927659814,-0.9242924588558654,0.22435555774312935,-0.579073100919403,-0.06549708083972602,-1.6033459096587435,1.0
1.0013162452099562,-0.9614979983714009,-1.0662167210437026,2.3790090134020927,0.5543073109576079,0.9624164082830751,0.45889139636189885,-0.4524805599864017,-1.3068498574550105,-0.29882038742565875,-0.9781593445255623,-0.918115172434519,-1.5831873289696967,1.0
0.1144759597954961,1.573412147525846,0.5581367230264489,-0.1057903878517124,-0.04057187281015166,-3.0477773123935967,-0.42383542189937645,-1.426675895220339,0.13441252790227645,-0.25997598866823424,-0.8693045412075403,0.11189670448859902,0.10327915300694296,1.0
1.5186240394564274,0.6864175004467297,0.21697279003687273,-0.9475144736513923,-1.0734391191074883,0.5988480074366075,-0.2000693724404299,0.24936559112660756,0.9780005241715597,-1.51313877514181,1.3970353850289938,0.9693817869489962,-2.0544402219876448,0.0
2.353092448910977,0.3213763190814564,-0.47853830042295376,0.5190622236049256,-0.9774746369387358,0.5461283531935511,-0.7934964583353113,2.0203595354706008,0.060100193906401,0.6498230520728239,-0.786065099652139,0.8164960238933582,-0.012580063502112084,0.0
-1.4118517083219448,-0.23876271988824793,1.9311110688625377,0.858977026043308,-0.3789750689064935,-1.869165761000935,-0.8324911782306316,-1.4064740040344614,-1.8450080064334982,0.7855911301653025,0.06238739638016563,1.7951084483439408,-0.997641898797629,0.0
-0.0022809347591302735,-1.3941743517469143,-0.5948733611662425,-0.2221099619325858,-0.37465396781164767,0.053540630615501135,0.971609563251387,0.8664175854545542,-0.7693345840912993,-0.030354121863649188,0.7940963749594439,1.035736507429506,-0.6611566846541527,0.0
0.7081644548002397,0.33114650918770105,-1.065989113538929,0.800157962585735,0.15154320843246893,-1.741390606326526,-0.29385356071136937,0.039857541584972525,-0.6058244788175937,1.228228425498525,1.2644684906781054,-0.38249015891284494,-0.49222552135374226,0.0
-0.13123467336932107,-0.20008056580668074,-0.5925018938019228,-3.7087966093232914,1.7548118755996143,0.00041796377814229223,-0.17831011192907645,0.3251691300519507,-0.08005774853408995,-0.4303158446454495,-1.0056459863919494,-1.8386127764956959,-1.3543789299543936,1.0
-1.1166740667101471,0.6509221580409689,0.7246231467643945,-0.8817991044667711,-2.663654140437395,0.009120719501876304,-0.42154221565931843,-0.4462624867001313,0.9559374757643647,0.13865262547285237,-0.9763796485200793,-1.2064130339590495,-0.2626113569849563,0.0
-0.906412762189642,-0.07239762402761732,1.026142044401966,-1.3797824115994501,0.08777943480896865,0.9150499826693897,-0.08618733581810893,0.7215808951176532,-0.28727249211546224,0.1708280794236369,0.44078493234217647,-0.5720024382631347,1.9906760171899993,0.0
0.5775801803319217,1.302985498716921,1.071023946360768,0.3272892692834113,1.3857894223598075,0.18791471119191736,-0.7297752831743629,0.014819231562963215,-1.0061669124151313,-2.1017043281098022,-0.8525422430590254,0.07288153297087471,1.0619247854880811,0.0
-0.8555192045763543,1.0101624535271547,-1.210682985806877,-0.9195224661394502,1.4491566033964518,0.04762101996249564,-0.17362194528464336,0.23527998990782686,-1.2064032507180458,-0.3308481285738224,0.002661158126551583,1.2313809361794323,-1.6704171393014011,0.0
1.7629903153757707,-0.12464773832504308,-1.110556248967009,-1.2916347161343913,0.2731493170042062,-1.3472094800685257,-0.5601235450930988,-0.2499030608777983,1.1436757394048258,1.0184534592639736,-0.6429923901189591,-0.21268317022092195,-1.5953849001757456,0.0
-2.03909551324372,-1.2290524475926197,1.1230973613258104,0.78008072222146,0.383436262596614,-1.457624486620577,-0.7116595773911455,-0.8578210281786216,-0.16599837062056236,-0.22905355663211582,-1.0019568566958286,0.3492168078985434,0.2289463802042389,1.0
-0.7288230990929465,0.30427839163253123,1.1242853683305207,1.4280607771232459,0.490662156609859,0.46126794340935595,-0.24013891402431137,1.029712895535159,-1.0703514513397872,0.9138501434081648,-0.2876047341808028,1.4909368272017296,0.5882064070400744,0.0
-0.06786623107310033,-0.23648764890427343,0.525612854448437,0.4771243476860553,-0.39834300450052773,0.09183575826834649,0.8963900873486018,-1.3633562578802498,0.7258782205537132,0.5212145783593538,1.1866474755614906,-0.7156537013032378,0.005716086092890965,0.0
0.2050683760048956,0.7387965172002353,0.4291169291610002,-1.2395550988122745,0.29104403286164604,2.004228774270408,0.6117575759613151,1.6380469445366,1.0430613772948123,1.3624019354384092,0.3099686609847051,0.5218451096121169,0.2555177566413748,0.0
0.004340865049522787,0.7421949800691044,-0.5210019390072009,1.8853823160146332,-0.9280129676882737,0.8113881199171586,1.3786714173035888,-0.17662175396040314,-1.1129773111381638,1.1555295892823547,0.2033953100502551,0.8133160726017432,-0.10945459883731741,0.0
1.731924682322397,-2.1170080522063484,0.3761775512837346,1.3417494837515977,0.10533904482939617,0.3023586930169115,-0.4340118125670084,0.02068850786661747,-1.671856613136305,-0.7184313326196915,-0.7867551271022283,0.6691239910292981,-0.5713697592877345,0.0
-0.5424755499398202,-0.37792336028513973,-0.7486447025153175,0.26902226926169737,0.3776314694329093,0.8250185797217593,0.6527500822879425,0.5527577449847006,-0.3289683339974436,-0.39310375033787887,-0.8712110023484563,-0.8892436888941013,0.1942614096792605,1.0
-0.7194160407800809,1.4683241333559591,-0.037500823074493095,1.5013901071595404,0.5717670545711673,-0.7772364344717115,-0.06204618858181776,-1.6734523411177162,0.19042535506528505,-0.6857684078453173,-1.1134580082152612,1.5221467585480473,1.0305877409842874,0.0
1.0030389787624625,0.7821112766509443,-1.234889044125783,-0.4004794928068376,-0.33950364146988704,-1.7097370740989313,-0.5570010948439893,-0.5460979756170437,0.12599894749496204,2.5323876002383434,-0.02089627660473875,0.1265144545696673,-0.250210272764142,1.0
0.7377128800537445,-1.073917208645777,1.896037495153939,-0.12415920746681924,-0.39518983303106436,0.9700370736637999,-0.8909225920448536,0.7192509830553334,1.4051700555953608,-0.24134277240300922,2.0528416130798712,0.6442915262612541,0.6566942596644293,0.0
1.3658653351859897,1.6307349546363734,0.26183898640638015,0.7969054413769378,1.396341493160928,-1.161811076361437,-1.7295023996326477,-0.0575539204059049,-1.7534913574193798,-0.3139950963079523,0.31437353419913744,-0.2756387660551266,-0.14159304810369086,0.0
-1.001666513620925,0.7881435439709441,-1.0634633671223397,-2.1029017310550335,-0.20733877253321994,0.915019924919956,0.07983079188297652,-1.164797015080235,0.10195096740633612,0.43830370476834984,0.09031669151892624,-0.2645842468885863,0.4860386816427485,0.0
-1.7384269028201453,-0.8939553907625805,-1.3052080978053102,1.3483863719881566,0.7120317209883875,0.1851250343140176,-1.4506216533528082,0.7441477889481191,1.3865401349918163,0.5714947364635622,-0.03517741650355717,0.6317180318506153,0.2729161142526889,0.0
0.9260762336397387,0.9036856417929532,-0.22106553661032657,-0.6606413828841099,-0.3998229406861777,0.5358503350049342,-0.3394396517978083,-0.7505296181538237,-0.0009533712532066398,1.1074569306689515,0.13510806713406354,-0.2762179960004274,0.320431792946765,0.0
0.0840392090498677,-1.933637041009678,0.6967591430191588,0.40745843994710923,0.016171798945745924,1.0623567007229204,1.212999364250198,0.7987686614735513,-0.8503008160355342,-0.8157111106269598,1.1173355400019835,-1.8772239269451998,-0.14884751516211372,0.0
0.4398258070310824,-1.7504077354475045,0.2343432388502992,0.9544290765859523,-1.4855760701034757,1.6581702066941584,-1.00983007609891,0.57473624647703,-0.08359642835863292,0.06951562370045135,-1.2834951356741566,1.260472962353059,0.3258834633502335,0.0
1.620840176903156,-1.2574172205790268,-0.18123463387869396,0.20952923970220724,0.06038314729492472,0.6667853446724203,-0.19391854192387575,2.122026046300686,0.039842322188179596,-2.8841544357623343,0.08420100833937201,1.261463984866183,-0.923306101850534,1.0
-0.9867551891712364,-0.8403897063395901,-1.0764768099771291,-0.47940171370599405,0.9092972263492204,1.5263327284126937,-2.4242503239372004,-0.37845465357745733,0.30269799437673267,0.20267836338519074,1.8999396666228892,-2.0106939095820673,-2.5890639346884994,0.0
2.062212524038256,0.7534336932473364,-0.5713715869529101,0.1715987730679549,0.24321762256106638,-0.5955207903359794,0.141778370691434,0.3548133746601196,2.015530261362825,0.9634512222855411,1.739323140242075,-1.3435714836728943,-0.34719725961785775,0.0
0.24224698393162536,-1.921100753132963,1.1818593381092803,0.6422097723112623,-0.367158519953864,-0.183334343500785,1.2538668888237479,-0.7954379476369655,1.2941853496622873,-0.25203873658628795,0.7559960527769166,0.08676420557898726,2.2331938466511856,0.0
-0.8873923901075258,-0.5732826225769339,-1.506125477688831,-1.096757167029321,0.7131281076945163,1.600163638865061,0.8264808703602766,-0.005391499726866356,-0.8936145016560537,0.8984186716271502,-0.9486019051858376,-1.3489517343057593,-0.3084693332099046,0.0
-2.033940616888496,-1.3813848745522488,1.8859903358828205,-1.5668084244584022,-1.1881483810458113,0.07183290770666434,0.12390388003001514,-0.23462429737885407,-2.003373748891115,0.8484893276377898,-0.4430533997579966,1.2204495221749012,-0.6448176215288473,0.0
0.9824943391405768,1.296083449079435,-0.46694227575382025,0.880450194105647,-1.3285446781163972,0.2636894870694937,1.2222277083548394,0.5184928459641237,2.4062239228532394,0.5743579922911557,-0.365271252607501,2.840886393001498,1.6337010173475504,0.0
-1.6029075617983968,-0.7841636049283146,-1.0381581070413235,0.6456296045090557,0.5711580368167886,0.5634519323954991,-1.6299094594989507,-0.6380915466050493,-0.14928525472364426,-1.821920549320722,-0.8718277665578907,1.3564337101657322,-1.5540759979695884,0.0
1.4552604937184808,1.0911490925355023,-0.290737219804481,-0.6488729993676847,0.8318276221453004,-0.7877401608956308,-0.7379979499461239,-0.023868404004728505,-2.130233595786918,-1.4499755984017062,-0.315661249001483,0.4756960322125993,-0.8015739380786786,1.0
-0.19761047802168252,-1.6134594081376321,0.9324838522703204,0.22008232956098164,0.30854590263921694,0.48825061798489505,0.07812750349478562,-0.48377275857399915,1.1296545487203085,0.156881147760773,-0.16571942867342454,-0.00865465392050398,-0.02996506648874011,0.0
-0.1757656039253121,0.44610636250790753,-0.9358602221223686,-0.8627910357403081,0.5592636894286356,-0.14523934072779623,0.9713931021430959,0.40887900063186366,-0.5526279100762321,0.5750963631286746,1.197190957958936,0.44697955612125384,0.6655849430667965,1.0
-0.1717708506034031,0.9930398828805027,-0.5806904149296438,0.33854302574051653,2.569506152435933,0.5388810560256598,-0.42071123059186843,-0.4232922416913996,-0.07134169729034448,0.8512457817294108,0.1457775091673821,-0.6485278132383967,-0.65029699278869,0.0
0.1520493310229803,0.04239498673879082,0.45497616911902095,0.9174898957848946,2.727359702409499,-1.4620335167676004,0.6868621272864411,0.0983077083882902,-1.8445762311105884,1.2495307236517275,0.4211732265819475,0.7998062928201565,-1.6994189450976827,1.0
-0.22041692749820854,-1.079196944894296,2.163100942680612,1.1445503457443813,-0.680967783285462,-1.5366389009496022,0.19405506638375492,1.0924220022943598,-1.7350536054359293,-0.9317746709931696,-1.1055847090139588,0.8669461659105872,-0.36982908854451246,1.0
-0.32793652237750537,0.17465468063896764,-0.8782808123290141,-1.4436867367275648,1.369685162360285,1.462485708479594,0.17958245946317858,0.2521555056676198,1.261013976580008,0.15665355660374003,-0.41907790594364563,0.03933912677746302,1.3931686371674725,0.0
0.05332166842880583,-0.6693825346535526,0.14700204928509752,0.6562231375357641,0.5362534949056986,0.5528239480716095,-0.8266776791334302,0.7701035665584568,0.02846593921228912,-0.711791167469455,0.7621517136520333,-0.45363884891676387,-1.5742973485555531,1.0
-1.000602381110322,-0.18163693304708287,0.578302282111279,-0.8640699520880911,-0.24066246043753473,-1.216607231663058,0.9820329162398111,1.7173311139555516,1.6092825244883207,0.9649795504861378,0.8625099571202616,-2.0718795244032027,0.17717323222010523,0.0
-0.49609262365990814,0.880466361044901,-2.5375978756813287,0.19296770277017825,-0.21444378383240253,1.1184299329314042,1.5479870536747384,-0.9288460170127683,-0.8837104358968152,0.2304966212117137,1.7337626915215416,0.060144677283016076,-1.2791614153543305,1.0
-0.6058684461632928,0.2026641644634616,0.2402024285639563,-0.7040876355923733,-0.6257906937796218,-0.9815679945563983,1.1411711838537955,-0.8347751792933896,-0.46479420391828385,-0.49325291652395237,-1.6059572475153914,-0.8634153048178157,1.2281375992865382,1.0
-1.209287841790728,-0.9636423018263676,-1.3325457737792592,-0.09061156023126084,1.8854767212662902,-0.1326942215270716,0.0667621253543897,-0.7954472358669886,-0.06161804479227241,1.2290503063476157,0.1429093876381736,2.1317700820621637,1.2594797123056911,0.0
-0.08631634544493307,-0.10578787559211524,1.6309231376236313,0.137325575855229,1.4089215602717229,2.002907340126667,-0.20421936782410927,0.35195536593501564,0.9800041845663794,0.7675000390225197,0.7604907329205013,-1.3334738271777349,-0.8484167281617991,0.0
-0.4952670209411876,1.2144208034686759,-1.235374907126886,1.5232267071788392,0.779834114078683,1.154230224722774,-0.9295330772449988,0.07230236269013023,0.29894278613131625,0.25496700202269357,0.2956574008467175,-0.2765264803951116,0.13520708106365942,0.0
1.033563955065187,-1.1665123084408902,1.5470501189054033,0.9818989563684475,-0.9652018926833332,0.3838360434553216,0.9014987761580446,-1.2352933238856838,0.0419784333766009,-0.07851530083500619,-0.6455805425068946,0.09235683676401318,-0.6002865759627902,0.0
1.374307068970737,-0.6266443213274101,0.7919789400131583,-1.6553863876201644,-0.16180980384996124,0.012311157351358851,-0.19429105061553062,-0.396318297195391,-0.6675150253451224,0.754540780014903,0.99945785509538,-0.08216088585665025,-1.0966375080216397,0.0
1.7939493313868278,-0.8797974329078807,-1.4594222584831473,-2.01262191651977,0.09945189691266046,-0.2174163855152364,1.0309566491463393,0.6110845634455472,0.29020122458503783,-0.27136719546274957,1.1099772721976666,1.8673899017525326,1.0089791991299037,0.0
-0.46353163084920995,0.7815655538821751,-0.40208972546721494,-1.1050673158599744,-0.8990390621219452,-0.35817840413774565,0.10395967896354393,2.060581152575459,-0.8816894756118676,1.3234884896913282,-0.31725955169256903,-2.0163849874453437,-0.5057260029303379,0.0
1.1766969931676907,0.34466951932923584,0.4044511986639568,1.3285040088443802,-1.0363362889357277,-1.0517504300922502,-2.263728609296424,0.8770820712427847,0.5624842336296031,0.7239665195911139,-1.1830112240567805,-1.6042489559198527,-1.3196183084333326,1.0
-0.9225722723587043,1.5539589089128543,1.0001267237825018,-0.45822064062032025,0.2992519932599849,-0.6783622461477388,0.36427976078165697,-1.1380957377419982,0.7502514459739312,-0.849703297584393,0.8059150285431569,-0.42742290819434203,-0.7900759535982739,0.0
1.6129967172496562,0.17694618489376554,-0.3221813710485574,0.7581783083512642,-1.3399910695748851,1.1068635892603587,-0.1394447064084494,0.6007877156684375,-1.5478734610230862,-0.3824259581329956,0.004580139345484049,1.0302992136185285,0.6804110639374826,0.0
-0.3924770376174168,0.31794775732338143,1.2565691017269818,-0.19998848342256015,-0.3088649604353075,-1.8897046427529125,-0.2790723353428101,-1.7396270386845216,-0.11433467903320715,0.988135143242747,-2.1196394750468155,1.2342088246207903,-0.3302231266561985,0.0
-0.027164867126605836,-0.5024197801385417,-1.7132368825486595,-0.7829891742962404,2.0974100684494847,-1.0960454962534516,-1.5885423617255503,0.1412910274071029,-0.08577651517231642,-0.3233297907956478,0.014447943352256147,0.6442026106961568,-0.5871635997853141,0.0
0.1944102082826167,1.0238746621300039,-0.995288666754795,-2.322181343938629,0.6708084920959161,2.502962575602973,-0.007354653648815482,0.20193220106595625,-0.2958084330939906,1.588060841510259,-0.07775693294486666,-0.1865641600149352,0.9108638142692032,0.0
-0.48427296219682175,-1.2846937010758543,0.8823003795456941,-0.5915472076721456,-0.9754600276760129,2.1000481585731867,-0.17859680322271204,0.49422608229733295,0.02952824100777652,-0.8863194903703285,0.6894336200219225,0.3145789837867244,-0.6593798316399324,0.0
0.43319033785633854,-0.5143100941300021,-1.10449536010853,-1.2056672543521232,0.2700586209629788,-0.3827309299284444,1.5017040190439614,-0.042958113337956835,-0.785203293453582,0.157817638643912,-1.2942673215746063,-0.0841312405247025,0.3191667764782755,1.0
0.19567230763530544,1.3027999305197584,2.5975171258444507,0.6713973713412849,1.1787963277855196,2.54346265965724,-1.0062258478164758,0.13062740877500842,-0.47799653208665854,0.8426577102610722,0.27161891947662087,-0.8184323199039338,0.010947816347044441,0.0
1.0469227396558851,-1.3037246310250663,-0.7973445556389791,-0.9472750850418087,0.32639655548691016,1.2405160796149601,-2.0097344653060114,0.09439856347858341,-0.9242207172751843,1.0054027748299843,-0.23696827557125388,0.13067393907739766,-0.0013369952020600845,1.0
1.124218803189845,2.0486315307977825,-1.134665329881441,-0.952556117994652,0.32149790255470695,-0.8164023483019187,0.9335837704002741,1.0941174590843372,-0.5465763122464581,-0.763537266641475,-0.2747790216527191,0.10401821396301843,0.31483718989519166,0.0
-2.25281705904917,-0.9674555188501185,-0.404099348870584,-0.796989331746887,-2.8647098923529533,-1.8883724653546936,-1.305358525584367,-0.11528420085321883,-0.4362021934813096,-0.6315690825285746,0.7965149607928405,0.7961336649237618,0.1499186534818738,0.0
0.12012028271865843,-0.8566605509334115,-0.736992330656528,-1.707649383125218,-0.250751431778331,0.7857412897111967,1.35432989677456,-0.2447798579054633,0.49166883200969064,-2.8559892428611966,-0.43292832039842405,-0.4563623801332636,1.491168314225383,0.0
0.39293346092141807,0.49425542288060725,0.4423283109989927,0.04544273233222131,1.5323653308491296,-2.305279547965073,0.14621040871541796,1.1298028516395635,-1.8913934531926484,0.8379178537723022,-0.7611632412653166,0.10981592884204117,-0.7803593809454268,0.0
0.9591516765490222,-0.28836188122356626,0.8457968563572118,0.4353298362643412,-0.7937924840588386,0.5018591903955252,-0.6635690580127322,0.06412809383997362,-0.30659436148979985,0.8999118663887735,0.5403222707374178,-0.030721548604742365,-0.685711777155661,0.0
-1.2689914898307182,0.1356564192906978,-0.6322908931517588,-1.8779961575738253,-1.3300285409962505,1.625875305541717,-0.6599763849894453,1.0821627775104015,-0.3566497271982808,1.2395776351608137,1.167164017474378,-0.8256954269006574,-1.987975666807605,0.0
-1.9033204770303203,-0.8086615039557069,1.8896344255575415,-0.4105620749225392,0.14524395007345442,1.30333686620339,0.11032136311168815,0.07589103852077479,0.6226631939451467,0.2889697555099871,-0.09946710500348493,-0.7214493431974422,0.0784888908654562,0.0
1.0943997970831405,1.782004586998721,0.29227664156891014,0.7551611350959729,0.26973070716281194,-0.08732936440360271,0.5142570786126844,1.1893328343124843,-0.8863618360191453,-1.4513967023129088,-0.5330082496364661,0.2116619432997037,0.8698716176212316,1.0
-0.9895078248554882,-2.488576522624811,-0.5094486566710162,-0.1939142256582361,-1.162273483411438,-0.7560909288173119,0.8672834100869976,0.07812006959609911,0.3456221186093177,-0.3556822316105475,-0.7541104109583259,-0.3628982294241439,0.49888019417969204,0.0
-1.4913202113412167,1.6501702598320112,0.5748584956824029,-0.5358801042907151,0.8134071178865006,1.2223490670731079,-0.3303380496024384,-0.21658478976506132,1.4934742134730048,2.1189751469180984,0.02943565756810758,-1.1582143470889743,-0.47060215492455837,0.0
1.033015744469201,-1.0302152960137945,-0.20828319975901888,0.29258488143162964,-0.9227146864076674,1.096434561876077,0.6939675152043746,2.009545909525292,0.781460895857772,-0.9608896355660385,0.5303690609091914,0.9880216735158562,1.0394788141253464,0.0
-0.7768421478907362,-0.8963377023554752,-1.1396371191090116,1.6047319941388665,0.6228788238420383,-0.8212186242087107,0.12718893875712056,-0.12368731340102396,-0.9725814689656829,0.03618394395660312,0.19069528772043906,1.9312530946518993,-0.6556875257662731,1.0
-1.7093993241953382,-1.0489537353559772,-0.8926474234322223,-0.4269271760328953,-1.0465037291271424,0.8221220058189397,-1.1160327630094797,0.02001796829923024,2.0001921835221745,0.5535682717636239,0.4507570117123593,1.8573162007451602,1.245649564236973,0.0
0.5651243673526035,-0.31072684994446903,-0.022688874789793468,-0.07130386766620643,-0.40142554757210847,0.21203651188292444,0.35074769704765607,-1.2446284671582257,1.6320424999622984,0.4097975130732815,-0.26278296195061757,0.22117597872945746,0.9303688911586006,1.0
-1.4666864125858925,-0.10506072648024585,-1.1858557748623328,2.6570038209756204,0.13818604776861484,-1.1777456475995065,3.5994667806973926,-0.536018578780389,-0.2090799180762074,-0.13679823998536259,-0.8479530565690355,0.24735201749614288,-2.2107401663600257,1.0
1.0858983828772915,-1.1278048707372206,-0.4153215223103118,0.7515196736861627,-0.20446101830611546,-0.1635477470976265,-1.012077442729771,2.0956482174704503,0.53148238220659,-1.0827849482691667,0.17818244605785127,-1.15346799465131,1.7224142939894493,0.0
0.19963796070854584,-0.9755465279070666,0.6975907356239166,-0.27807567204831346,-1.288228655522481,0.3810463339002098,0.3528418341378938,1.1377336325673981,0.06450355691779773,0.10706028695855091,0.16013303654518396,1.5952829945070293,-0.3100735232740708,0.0
0.4694549688057314,0.6167454520156119,0.34977651923075964,-0.34790460605957063,0.1206040073075034,-0.09365776143285096,1.9592103601118034,-0.45776378543130586,-0.9125785262522282,-0.006201691433075678,-0.07669819742867275,0.19684352016862983,-0.45744660220133165,1.0
0.11037347993287665,0.12960703897121137,0.9059896893600049,0.09300638370915183,0.10247503063158882,0.516346379708517,0.8676550631815173,-0.9836757876265789,-1.2523205598668214,1.6954796293838112,0.7040754379281581,-0.2193866363294028,0.019701936633131002,0.0
-0.39256169332982677,0.21128072444155221,-0.971837189404688,0.840166985089926,0.17545339862850168,0.21162709603335123,-0.893942382678522,0.5242670967726355,-0.870971643146041,-0.6921508599087859,0.08762192344175125,2.507331899615652,0.17146613335480934,0.0
-2.568800879667569,-0.6425013833607505,0.6837291122205738,-1.1284609449841239,0.8311024411456599,0.1588205747650297,0.9913271925907758,-0.5588541092509973,-0.6367839149327159,0.5649851582845113,-0.007528374972159449,-0.06802281178627427,1.568969868949063,0.0
0.604140927061785,-1.9899229666957277,0.7990681225163876,0.6989688004151218,1.1849112872234322,-0.939698419573509,0.32480582521012286,0.11163002124318142,-0.9576318474797533,0.9467665679065806,-0.2415459993093825,1.1527323912523346,-0.742858785067476,1.0
-1.4605854707993953,-0.24256618203114458,0.23191318256244728,-0.5341959272189118,-3.0644568687582274,0.38364914491877,0.37898069052202576,0.6871672785409663,-0.38049243555077733,-0.4350517323819072,1.4403217728014912,-1.575404685821716,-0.24711779366764014,0.0
0.14230184613180563,0.6060218300142409,0.1697671824043187,-0.9219926384615591,1.1676139480208543,0.0019074122769075462,-1.6680027064913643,0.2091766507733942,0.47527687122146395,1.9607439533981146,0.4087513488702921,-1.482025572015122,-1.4469012908083565,0.0
1.2587094581982672,-0.8028030133491393,-1.5495810641451597,1.0005108677584325,-0.47573581221467065,0.9470139641596077,-0.9147195053294115,1.4738123336658802,0.8720637069332758,-0.722685366601347,-1.660390466894641,2.3051638587541414,-0.2102077019931463,0.0
-0.7627316470757172,1.386308268829499,0.9457598534124404,1.18279654331258,-0.09850827751773117,1.8810546903236243,-1.3106181805513617,-0.5520495215575213,0.3898787557148836,1.1681113442371132,0.6611590205248297,-0.08286573584679105,-0.4751478672394793,0.0
1.1735108583593548,0.7643960132770304,-0.8745237926910643,-0.9042693980630271,-0.5454881544395153,-0.6737618656193748,1.0298409125464678,0.4357323222180176,0.557787240403098,0.19166963679677607,0.23877071533735444,-1.5818174153403113,0.7941836576847686,0.0
-0.5634814805914428,-0.03315533304999287,-0.47317292213533413,0.14587156515167568,0.5730939272439957,-1.008855032523329,0.2527492242440023,-0.44900257875385663,1.3214587758760035,-1.1146254029796279,-1.002516269564054,-0.35957021803681016,-0.9256437150138387,0.0
-0.2243810129869122,-0.5278855061157132,0.08841237770181262,1.0080720278241542,0.07127960568427447,0.16235456081647737,-1.0573226028120999,-0.13405955381512966,-0.4217544716093974,0.681640963640485,-0.7645669832026974,-0.8606555925112334,0.31742919714734863,1.0
1.980103054372939,-0.1759486239746632,0.1682084062304987,0.9480218483547855,0.5099038986152723,0.5164794803821972,-0.09519245191800502,-0.07573518277826072,-0.7551485377265288,0.48637325430138273,0.4635544299986427,0.7171645276938028,-0.48810447055334544,0.0
0.8301343993786057,1.1333347881479368,-1.2139581182762604,-0.2968725793574062,1.1750235819608383,-0.6495556998528855,0.5287625271833402,0.008576002002431258,0.33087932142350857,0.03905630269221133,0.7461709845642717,-1.0215171358638782,-0.9133232441222866,0.0
1.4645135502668567,2.1003632799853182,-0.005419438626362428,1.7152660421517096,-0.7717746470135227,-0.5315858834859571,1.4574875117453714,0.8041065286233584,1.6064270979322581,0.4685557690590049,-1.012546076514275,0.22357735750267665,1.2020025384680104,0.0
-0.1327352026461722,-0.2864335185057189,0.48385340296412244,-0.5595062655451949,0.2955004831135006,0.06350146467145669,-0.4904144607484205,0.9807372318674138,0.6459879389507739,-0.3536705842866262,-0.014961264940073526,-0.2712755998478369,-0.6386476392429525,1.0
-1.6982696724070359,-0.4838277443560723,-0.6240274983156228,0.11489070783535889,0.44069880152824575,-0.802184669802885,0.3734973617270054,-0.9562457828666749,-0.12529251563845517,-0.6024191006608333,0.7461736380790437,0.11677309999459812,-0.11016792583177916,0.0
-0.6252497601148851,-0.3288413083765391,1.8290608123260512,-0.501084120722546,0.47940691759648335,-0.11264631688768885,0.4508253145740378,0.8369758726932388,-0.35397849332107656,0.709773426445123,2.756639477005839,0.5675399941917048,1.6135814645997961,0.0
0.481046000106614,-0.9319616221975062,0.2756939972529835,-0.33038379620993097,-0.5959406973175736,-0.07258521040228567,-0.15475007872875218,-1.059924905792861,2.7084615847197924,0.8078709144721968,0.24439024584211475,0.08988011125097287,1.2023486196218962,1.0
2.0755703623094934,0.6850853720125745,0.12119270478432072,1.4726440719776168,0.142359242935861,0.4353148096251014,1.0010109200318376,-0.38647913787425997,-2.0758343974058975,-0.43508022533001894,0.773000929379386,0.7025508977181786,1.3426701094126017,0.0
-0.3968310338695123,1.5809252429467635,0.18506783045196099,0.6044131625636804,0.9036127582943057,-1.3816656268936973,-1.0048971926269248,-1.0380905170672459,1.0722171848488193,-0.3054566117392283,2.0275819733247182,0.0033759748922589858,-1.4713738480815013,0.0
-0.672417510705184,0.11737636321932753,0.515189864193479,-0.9848377280823737,0.5684807718062709,0.8355427570459568,-0.6409475995553304,1.9691572120591474,-0.5326590233505566,-0.9998780742155432,-1.5292225147265408,1.2206406986921627,0.022882877345902938,0.0
-0.4792859894643896,-1.4741384354318272,-0.3892509235669636,2.3814453876761115,-2.1444875037611175,-0.63165840103255,1.7927839700422104,1.2489730470695228,-0.5706256682812815,0.20359509693530592,0.46293740469440936,0.13383858180726743,1.7844502096091759,0.0
0.3397542054579532,1.1355162909630376,0.18159876909561548,-2.0323888127264653,-1.1924127533564834,-0.9848778493060248,-0.24928585727600588,2.078414239014391,0.36241146287545145,-0.10578810206476519,1.2385579961556479,-1.4518836755017483,-0.4896951701482387,1.0
-0.6373286539400408,0.398041559468138,0.8958362923539669,0.4714855520272297,0.4873164832189117,-0.3611091192179459,0.3207598581161397,-0.8398378707803901,0.6741389350077995,-0.5006030046633207,-1.121509560300374,0.03781943583208506,-1.9131161643446881,0.0
1.4743700719960071,0.7970989969116988,0.33696985024780257,-1.6236847453947503,-0.7001901830734147,0.040558434871852025,-0.26310477102520746,-1.6885649654474726,-1.3164290055361412,-0.2830943969135784,-1.2832893985838325,1.3713873238832617,0.4945383594058324,0.0
-0.8034641092390311,1.1691548280157134,0.9677065886736894,0.2889583563869195,-0.039586233463954165,-0.2984738082298396,-0.5399387077816568,-1.3367919192078537,1.5283287550979996,-0.5205132187712167,0.028200609712332965,-0.9102478563006189,-0.2594505166093298,0.0
2.8507774238697423,-0.7259979037452272,1.4485957745415514,-0.02780551715389908,0.6799384634946456,1.2445802553962517,0.2722673844059976,-0.35170715638029,-0.18609097828243942,-0.15242848164633793,1.8643705569154128,-1.4841257771603906,-1.7707269577927929,0.0
-1.7040529171977674,-0.893931433572423,0.7000830771983623,0.7614192924041975,-0.6075026414067075,-0.028491527659839595,-1.1162986350878348,-1.023552287406368,0.5798668390115451,1.0476840611083973,-0.4768188244301426,1.6350151208308032,0.9656053487861097,0.0
1.5917258522555509,-0.3009380690949183,1.5206862456326455,2.1795426399757756,-0.4125175333560192,-0.1541690383680861,-0.9477185024063991,-1.1442150961608277,-1.1325513412662949,-0.8114661317872924,0.27473797898557123,-0.7691995394213514,0.24416255458686814,0.0
0.26484515119495233,-0.4701243938743788,-0.06263710456930516,-0.5279123926863128,-0.31073977327645225,-0.8088629744642147,0.08410468978281645,-0.6005458654598331,-1.1660658759377955,0.5934288888485373,0.6272912012854633,1.1116985356441071,-1.0243973746041786,0.0
-0.4809273067109868,0.23049540508972294,-0.5020398768122603,0.5709119838078217,0.49793288748393594,0.4792953561910662,1.4596672333042642,0.6440770744584495,0.1538911114814263,-0.1935354865965368,-0.1238641081768162,-1.0642101538400734,-1.7657101869500214,0.0
0.4637561277310638,1.2236329375630657,-0.3301149233027367,1.5870941590325973,-0.1765124330814703,-1.953771981113009,0.9182492537296029,-0.4792882372381452,1.0087786775200138,-1.27752748393164,0.41204416214765,-0.8004610835443124,0.20140486656235562,0.0
0.7666066945753561,0.5344010012938855,0.06936783303009267,-1.378459106212223,0.7303441805517656,1.0314304379955999,-1.0429970241565425,-0.8960292143059998,1.0735573580329114,-0.20844156256926627,-0.8701133374055816,0.27255441351927295,-0.6385243879544185,0.0
0.1610421314059812,-0.41320667084634805,-0.3275108200805445,1.1103973838574517,-2.468524680125007,0.5547507544352444,0.9454507782664937,-0.6219941411776553,0.9377653543631507,-0.9590239668408239,-0.6599835456636276,-0.7751670435910348,0.9512921636025845,0.0
-1.744947686667833,1.6401472260255747,-0.30493856611388925,0.6149121541573556,0.5287079213637309,0.1512317882065191,-0.6006860614775598,1.2423725629278541,-0.5148512657211043,-0.7312486577209044,0.877710283523533,0.14574961953687,1.3578215751162008,0.0
-0.06266709145549981,-0.6508753726957465,0.2747434730238986,-0.4476171560874035,-0.6219225113057055,0.8318881936558737,1.8315550672750278,-0.24646179191849052,-0.9747411862859306,-0.1534563498998187,0.5148012298959235,0.25747952847747047,1.194231694471712,0.0
0.6650898382756999,-1.103409468109909,-0.49331835064077517,-1.3808341199753256,1.1446793456301878,-1.9918872652714008,-1.2833323306223123,-0.511802466005173,0.5639174031048168,-0.5216534137056513,-0.36522941371449213,-0.3455278732727001,0.17278262235824599,1.0
-1.2205115352700018,-0.947177048048047,1.6809236987958909,0.4023990971970115,0.7607821718528455,0.058028531455216706,-0.14028024824273994,0.4571309460952804,0.7276136836761329,0.846075674691719,-0.12655955981934022,0.9553765562783211,-2.4662167888296214,0.0
0.8922870097251215,-0.4269059567438021,0.5533824463016972,-0.6493277256958633,-1.3266945300777775,0.3397040313166676,-1.5015305233211993,-0.39967742822270713,-0.8124296911041526,-0.1750325382934764,0.7972091195972723,-0.489845285454491,0.3145775474126117,0.0
0.7393460382270881,-0.6072550507937872,-0.5927535287191026,1.3693289022002106,-0.07938863977790714,0.5091387931318747,0.5015610923592241,-1.197987606077978,-0.760875876171995,0.37534736354002013,-2.0673148867236435,-0.21129761703842476,-0.8652838723927825,0.0
1.1105061419766535,0.3461154531549492,1.191246297390677,-0.03912463355335285,-0.11388919276702249,-0.30492951907956495,-0.5030693995550923,2.684656339055985,0.8071695157932223,-1.0661885459367826,2.639308869162179,-0.40497993500227303,0.321152000176856,0.0
0.9395973718718656,-1.537953927072501,-0.827326801649099,1.64816482457069,-0.22482866333639537,0.998670116760872,-0.45346844064634545,-0.09505960548684177,1.7852568660765002,0.4375122422980228,-0.34484776693099867,-0.6833634608028478,-0.5918753924132033,0.0
1.241560030737091,0.7654983086389202,-1.1486766320735913,0.08717855687070324,-0.0668164718060056,0.3160927695682939,-0.60357111914137,1.0978056116494237,-0.0013392772860250715,0.3734365175854093,-0.7846902241143158,-0.7343131376705622,2.6575111092669004,0.0
1.800079952426683,-0.0696811628829118,1.5330039507269395,1.2127375142624297,-0.6252110290491393,-0.7249332014021351,0.6686766253513171,0.2600606381128221,-0.40200461633872037,0.7212265437487376,-1.4424829255929468,0.1150015278524572,-1.238923653562756,0.0
-1.2059913435250629,-0.7067647896524065,0.3632872763439885,-0.6752370088846306,-1.2181086079503818,0.47724920267694665,1.492747044441036,0.6388504342020124,1.8017987245936462,1.4091783936025881,-0.4874282125099355,0.6321598193641104,-0.09163079355515695,0.0
1.062099781198059,-0.09181155726357078,-0.7886965092092666,1.373405942350254,0.31779555072336946,-0.6635296713092314,-0.49872630007382324,-0.6699206444384841,-1.0017474327097162,-0.47751534224355074,0.3730212137312065,0.06406067018617992,-0.4382169363821591,1.0
1.495507468797224,-2.010633473879639,0.30613591515571065,-0.14275925481759363,-0.9701812297964804,0.3644543457877177,-0.21974821236115494,1.2470734662138936,0.8680652424114664,1.9061307363739857,-0.48331793051399247,1.3965544897475155,-1.1658547680154212,0.0
-0.11063649927557907,-0.46524705263427135,0.6024454129094089,0.5782757982435522,-0.9006195932279715,0.6581921739844165,-0.380489082843892,-0.816797359951694,-0.01178136214232736,-1.476844161362518,0.9313063499887717,-0.0556208104417203,-0.03374562179804049,0.0
-0.08716662708650699,1.646850086691784,1.5188776888298205,1.3507610933991867,-0.08504164425883806,-1.1156249124899373,-0.015979442883914056,0.31440042072718183,0.8126103038932778,0.31118274110024347,-1.0264942761895863,-0.5354154703402195,-0.6261365312489221,0.0
0.539053050405821,0.5635974532399672,0.6946318880808704,0.3010358546723531,-2.059199509768644,-1.7258596782748088,-0.1401876313396419,0.09807792046639253,1.2536655871529783,0.07779514799503169,-0.975949330859647,0.6621648077773684,-0.017251692864242715,0.0
-0.402054785534035,-1.6145994079701096,0.0851870081112326,0.2288179109794605,-0.9961463041060498,0.7443577882062753,0.6547967986509832,0.048912582392975794,0.011722857942041049,0.9460377466642484,0.3675303687810317,-0.7022554489483605,-0.19764828360014783,0.0
0.5568494019360792,-2.03232092433206,-0.9315260487896285,0.6821376663389751,1.2088776042161127,1.0210487402680122,0.8932933122477806,0.12974386267144122,-1.0289034096876895,-0.19662338457323475,-1.9932690506191848,1.3006560862107532,-0.8171128024743091,1.0
-0.533345760023203,1.0586190526405768,-1.6146269571095442,-1.1894026240254314,0.26797134382513466,0.5203804150674787,-0.07170079517415945,-0.03908311293590771,1.268377953894445,0.6363184450606509,0.5011699345275458,0.7756464927937428,-0.3005902746886178,0.0
2.1731656641430206,-2.307531518332483,1.4579210241187814,0.9021075187431092,0.24828825155085418,0.08002895760211147,-0.15555329713710625,1.1034435879634088,-0.039864473999883895,-0.7278847395230872,0.9019828853216819,1.5847662340598578,-1.9271691230787533,0.0
2.3570918307703197,-1.0367312975296414,-0.9602982765153527,-1.2448897194926127,0.0008490524646252518,-1.279718284968634,-1.1582600638508858,-0.6885500475836172,0.1384556751943394,0.2348535989675112,1.2411972794100847,1.2181487731949132,1.0246113140976034,0.0
-0.2616171710657256,-1.8411817779965878,-1.8633143983039944,1.0177298761098128,0.8437544717073701,-0.6167044624440465,-1.4407362512974415,-1.0471510231690915,0.17469430219952756,0.176560999854937,1.0425312731269996,-0.45035445720749606,-0.24403602850164244,0.0
1.125321305966439,-2.1250949013876346,0.3174529469170262,-0.3342287786319356,0.712759778953743,0.5126066028613423,-0.6963096443896655,-0.5073348564789819,-2.3019754255476816,0.7499914982618201,0.23977382006463066,1.3985123554517127,-0.3994000361605468,0.0
0.9143355976480257,-1.0699260455641393,-2.704789797858965,-0.09451394036776779,-0.5666817550530255,-1.0508214257847202,0.8981053934866166,1.2082466735435573,0.1054212793658609,-0.18251906961816533,0.06270837390252233,-0.6529262439013277,0.5625959484284024,0.0
-1.539371986161439,-1.0730781284301927,-0.791261151306802,0.5413554309815292,-0.3024898570432435,1.3603903947030727,0.8033097563785089,-0.8010931755623457,0.6334657903986202,-0.4082070281520185,0.47318049502396325,0.8517721635929733,1.1147146018127168,0.0
0.20202156983791672,1.6001236864802184,0.441314356061272,0.1350521594576307,-0.3025143876599363,-0.6313090201883675,0.41988372606170565,0.10075763697998424,0.26082560063438975,0.48074582755629175,0.2566014781430484,2.0132954069278512,-0.5279648841781381,0.0
0.432293344119706,-0.22769321584874122,-2.461472113575241,-0.19347282286844508,-0.9364970559185406,-0.06682245884041386,-0.026402521331704926,0.3853578879393376,-0.5301793753161691,-0.4050929157369408,0.7006936528099489,-0.8090585294811227,-1.8384529907092921,0.0
0.15703135692648132,1.0708487475682444,0.6891804756468861,0.1754841955303034,1.2506453433487779,1.082017239164916,-0.3309145277290606,0.2475217283370697,0.29046022263644056,-0.08675062874256956,1.1342475708738782,-0.15214043339677125,-0.5002788910049958,0.0
-2.5915412573751544,-0.7983038823737114,-1.3154179088034321,-0.04039615126643553,-1.2536892504627546,0.6086847416689013,1.1084376082140386,-0.031156758588119834,-0.9840177162637418,0.28640037618153363,1.8934750580880277,1.5824806293245608,-1.406078693237423,0.0
-1.4431812234682382,-1.6995364397999482,-1.1369794537503213,0.25159246876863,-0.5566942751699251,-0.8386700358846094,1.0391097675164518,0.5300931190876267,-1.704702627153812,0.9817246742096355,0.5060347224620386,0.5282632580303724,-0.5704740239305688,1.0
-0.18730417979489025,-1.9727215281971169,0.8669866725346252,-0.9989270113013153,-0.870629031093944,-0.8841412943597168,1.800401116903819,-0.6687040647622869,0.942260273543723,-0.023992104882781713,-0.8291097134354792,-1.0104000532796975,-0.6288560874839918,0.0
-0.07446140677587408,0.6017371063881742,-0.47099167949041604,-0.5084117417803196,-0.881155144902074,-1.194042141460223,-1.2776910197522622,0.9880289179396009,-0.5288390846208721,-0.4402758995557659,-0.6666125829808521,-0.3168562899276236,0.37107417432343415,0.0
-0.4868808211696219,0.18073988743057082,1.4182084894976401,-0.8196640161872062,-0.4394682699902088,0.6410602694118086,1.4972961671819256,-1.2423102778762012,-1.7008040248478322,-0.0006063508722915782,-0.10387689697180454,0.7001692961660986,0.5475603466210137,0.0
-0.03396322587427318,1.049214853366791,-0.68101765485266,0.21158079207675504,-1.2157072288143198,-0.04212827617531806,-1.4611316385400315,-1.1158435469763004,1.7094518374899201,-1.8245375678555704,-0.2166516954147601,0.8272151227246681,2.2213555816894286,0.0
0.17707504176604816,0.23422012606269238,0.03968538174774926,1.0572344046841624,0.4317035652378986,-0.5750877867928851,1.115511691428727,-0.462190715847827,-1.5984961200839993,-1.5953245414355781,-0.2010681464246827,0.10304156577138852,0.9556292730487395,0.0
0.6408164117811017,0.0798509452063441,1.0115104914323518,0.01273790663095104,-1.290486032779948,-1.508452321977557,1.278687707605658,-2.245229791402062,-0.20074065570916874,2.981793493755024,0.45923344431049884,-0.20854282047886644,-1.6844615666531795,0.0
1.6173705681332158,1.2138278706944572,0.684796912338397,-0.0005597329768144486,0.5720122469413772,-0.14862105860385233,-0.9732609104843317,0.9563349315048129,-0.05065865658221008,0.5219439646587877,-0.1211232405597662,0.4618193820468438,-0.014492730657749742,0.0
-0.09254985208954168,0.02998959547752066,2.9608696904630456,0.802406985981937,2.5860579168995224,-0.008102414008182882,-0.3090579693645207,-1.0741970583754759,1.60323119662256,-0.9051849071491059,1.80956075738669,-1.016188330770298,0.8866598686324269,1.0
-1.5910074834736458,-0.44195570159066433,0.022081529446324355,-0.5974910157034872,-0.1693266018339602,-0.16454510557886134,0.806933550030064,-2.0867517889867413,-0.5629197280280642,1.2546363477709561,0.5624799233165947,1.2712862621270136,0.7587893547726849,1.0
-1.0835151070098108,0.6608971711195765,0.10019280009276271,2.268061331792991,0.8021645824944096,0.5233674076776007,0.669424263341311,0.46884554166662357,0.44180112774607294,-0.2662933693969185,0.5354728870200005,0.9484666802726955,1.060328069032085,0.0
0.9391168196035135,1.508063646152072,1.1228921233039248,0.6285179141007702,-1.143660799663702,-1.1432683228290843,-0.24813440326135078,0.04675368604771875,1.3980015312032619,-2.779706885795537,-1.0332062627430956,-0.19422091446483644,-0.9968576286326885,0.0
-0.7981073383702644,-0.49916209588543603,-0.9458258640742688,-0.7724243274154764,1.363232563694452,0.6143183401619791,0.7639433447420039,-0.03412275745795514,1.0111052126717612,0.8477983179727842,0.5985379144403611,-0.6541640551421107,-0.44203714838987546,0.0
1.058130098732369,-0.5167337414509551,-1.2885241362644557,-0.5360180747639782,1.559405682219119,-0.5350366643915968,0.3276547919866924,-0.6156879253714481,0.763425554485366,0.5367991907030225,-1.4911847411653625,0.2680319870859801,-1.6825868872985674,0.0
-0.5540677974289097,-0.011433916632377413,1.8468659154624965,0.31791246509917653,-0.7670860872630427,-0.31721010251660037,0.9241967744425039,-0.7535168417399671,1.0969784980014907,-0.5230512780473956,-0.9153191555121177,-0.4910029609027708,-1.6162844040880695,0.0
-2.172576981150961,-0.08253538932085887,-0.06729787834355973,0.25646178453666635,-0.08747418472557265,2.3292531241058225,0.16840934327269727,-1.376462856116605,-1.1199148557025833,0.00030466934872824456,-0.43542661755847056,-1.2284798971634643,-0.05884808263286309,0.0
-0.044224229382341856,1.595693733496715,-0.9160897071220958,-0.41772780590817277,1.5926163890956317,0.3285862079306091,-0.9219547275193818,-0.7147321845109091,-1.2141587550346613,0.0772726276736602,1.0311599848356707,1.6309012756323256,-1.4862817309347771,0.0
0.8691172369833301,0.16431279780054833,-0.2619303648367475,-0.4173380398793163,-1.9209318358947143,0.637998629068246,-1.3188567758433491,-0.7481958150577084,0.4179846345532963,-1.816635570449106,-1.3207939428146998,1.2186626591435397,0.12205887957272939,1.0
-0.662201367124373,0.12599615430350974,0.6694763375097366,1.1247678912376766,-1.1124351753597888,-1.024838162912178,0.6083432986787269,0.6404125685001011,-1.3439689817701164,-0.9873106754887971,-0.1937473008614538,0.02357624443051119,0.05192987730453137,0.0
-1.3593238066824391,0.04182777050348789,-0.7173706948704426,-1.1663176265903294,-0.01099604841136882,-0.11299362968768209,0.8016932382559767,-0.8609683672634555,0.23517043697858056,-1.5686751884285906,-0.2748556772125236,0.46367783499565546,0.548021227119131,0.0
0.5548337959686425,0.8043757972503324,-0.44578983385246024,0.4957254384229642,1.8687447625416218,-0.4671326496058291,1.3801980158980318,0.876472955541702,-0.2663234323428476,-0.18287550117761017,0.11840235966721942,0.8201649940316005,0.40263463153351325,0.0
-0.4749975972181825,-2.082053001762128,0.672173958918819,-1.9324977250436923,-1.3659797069500954,-0.4024771947016792,-1.2140785996690397,0.31752842780349144,-0.2961881996172628,0.7852309804224555,-1.607717533220674,-0.6618977161867982,0.004199377329229072,1.0
0.042728130505955954,0.6940364054767219,-0.9145885803935441,-0.46801028500299935,0.5073496608803697,-2.198560739357011,0.38493525189229266,0.7639486156949223,-1.3336607226782398,-0.3150229482850129,1.4926598165071472,0.6598282977311478,0.4469722729708663,0.0
0.9909593151244864,1.8045451176125027,0.018534069818371825,-0.4071890042220247,0.9885384109739317,-0.18745313594950994,-0.9280186580189433,-0.5400662529872428,0.31232958205838107,-0.44959580241088093,-0.3749752474279137,-1.027315814645204,1.435366516202812,0.0
-0.34262671968747116,-0.7115109706152397,-0.6051228066056134,0.8025259749621445,0.5731985785031625,-0.5018547041428726,0.03231303797541985,0.2767044238524849,-0.7040806925056056,-1.540622787389993,0.5150374194312445,-0.6487341639982753,0.44034835038391934,0.0
0.3210266422475432,0.055792301255511566,-0.42612714878966856,-0.633928222515819,-1.138417405036224,-0.6147479543890888,0.5688150115501875,1.3978257421239937,1.2510993422423187,0.14542301617487988,1.397294060681637,-0.3068176278607802,-1.2910466825150706,0.0
1.9208744192102758,0.5328082864567701,-1.5346307505399202,1.5590485786373618,-0.743422485108784,-0.5258822577251332,1.0213831390832049,1.361707113656695,-1.0007390284412634,1.4709907620267788,0.874236796409441,-0.7997488119386411,-0.24590626428350457,0.0
1.5161358965735574,-1.5605616026082936,1.380714375892219,0.846407127836525,0.5091407622706997,0.13169568857100736,1.9701379824624783,2.1179236007049025,-0.6152297500176546,0.6122047872316672,1.8743764971778318,-0.7850445810000103,0.24313957431187702,1.0
1.0038754422824911,-2.014893404941069,0.8285552286978893,-1.0884320234103977,0.19233136495566816,1.1443448508918184,-2.389180695939929,0.785858887743896,2.038328984630831,-0.5333009996658639,0.5766901467841238,1.3352863306993883,-1.592945048209974,1.0
0.7573697585337529,1.0237662325977808,0.6386202199367669,0.08662269220512162,-1.0004127818061264,1.3914233535362432,0.03450356523165767,-0.9038804126235955,-0.31802583041456883,0.3683854913346769,-1.5611849568842104,0.017930352584117588,-0.41687721705798936,0.0
1.3360264813659888,-1.874890597287729,0.9387576425024841,1.417094825602515,-1.8370886371478625,-1.7171824858070754,1.7859000465664794,-0.9043720486029329,3.0948291204884497,-1.8058400355201663,0.17004740498712057,-0.023393737252717515,-0.20819576756495706,0.0
0.46296236070578256,0.5206464247290674,-0.16765898262910403,-1.0141739438272706,1.0477603642413795,0.6280526630828362,0.11458369061607426,0.5963674824173593,0.7689414500911304,-0.76173204348132,0.5606803734818061,-0.5530357255183426,0.8020333565868,0.0
-0.19239958642323113,0.61171957368172,-0.43379529970952274,0.6637024359376729,-0.9787692291160085,0.036168879863462296,0.9806325151099338,0.4672046572459251,0.19202873344921131,1.8035613396506396,1.0236368684889219,0.8555399492531273,0.6580277789165053,1.0
0.7826968722466642,1.6571020105521643,-0.4176686877209948,1.0094039652752418,0.3564878887747759,-0.3831175371339934,-0.09972510304127943,0.21915468154634335,-0.8599400676694224,0.8640127755004468,-0.10285142408903888,0.08492916224267365,1.357202549927807,0.0
0.12974820522680247,1.5526684444211052,-0.524814508895144,-1.097069838794651,-0.28999314694488315,-2.8147146994918133,0.9057617524709435,-1.038898541287495,-0.6176954214462698,0.716278561620927,0.11912109791789109,-0.4405454580801205,-2.0365423725217693,0.0
1.3008080298971942,0.7230800334764642,2.0557213296982515,-0.5963798359904068,-1.4544502643780077,0.9947552852644237,-0.18805991740035116,0.6281698590689561,1.6199152873265559,0.38815309646417656,0.16729890054553304,0.2300027863055901,-1.6372481859646646,0.0
1.1080382094830468,1.172086162249162,0.5305700249625241,-1.5154046349308314,-0.12114882513701364,1.4385257753928538,-0.565753662973468,1.1842530519136603,0.055096492656853846,0.7125038395159604,-0.412141412824783,0.08438088164566644,0.436715248168878,0.0
-1.0832339738941843,0.2739131289790113,-2.688525299796861,-0.6015017868217727,0.5438830143637791,1.1202629205505616,0.4727521417992283,-1.3903167738309679,1.0328581288655814,-1.1391497315227341,0.6141985514243509,-1.105833744592858,-0.7732062043621571,0.0
-0.9563491359304823,0.13895858928171978,-0.19553451362456556,0.5089094376306915,-0.018634838673107914,-1.5178734535870388,0.275812468097975,-1.7621656504328693,-0.883853993049003,-0.36391333207900156,-0.43320340718964445,-1.6474126605060257,1.371159553538192,1.0
1.6480027900566996,2.250775104308949,1.1476514174896568,-0.3954465387902735,-0.4126795209485751,-0.46789383617322516,1.985637686225776,-0.11554146896516052,1.2692329069202273,1.1914349777194386,0.18954785608087055,-1.451640843729505,-0.0939186386509157,1.0
0.14696627621295233,1.277921289902985,0.01945791210029172,-1.2086055636248059,0.987909997731705,-0.2275413224974877,-2.5452495496365364,0.3249845745767454,0.5007712941202096,-0.8429381928657882,-0.19204580062308865,0.6577170259739498,0.3317848012022826,0.0
-1.5626569501149992,1.253550166497368,1.7063306195386507,-0.5101838860318426,-1.9098715729225866,0.7711128068029514,-0.6730924391780935,0.5354487950852501,2.202170466567038,-1.5463075791888512,-0.7966208798123241,-0.19447959354844913,1.291678361358942,0.0
3.555617129553276,0.24708518709962754,-1.6322227407245196,-0.3455213742512229,-0.7748634862379843,0.7215854776857895,0.37688470329893287,-1.041813368004598,-0.8334854242471311,-0.3600572225743383,-0.2393583100627496,-0.04218891616957776,0.04887321519441653,0.0
1.2348505377345378,-0.3962110120214403,-0.5435668402465832,-1.3387740208898824,-0.22385923261752505,0.25619624619304904,-1.724096361593179,-0.34242859339457243,1.1602941299200435,0.6483060427012107,0.3734331727607925,0.6212122989745048,-0.5737042698896249,0.0
-0.706919785905962,1.2719087807381573,0.8286393794248759,-0.746273021631104,-1.8787239596779863,-0.7255155484803173,0.5435342274659133,-0.6582601427232297,0.33006781080051556,1.4197705538988987,-0.09302707779307455,0.2339601529848788,0.684903856499566,0.0
-1.0820842583275359,-0.7730492250120511,0.7261611599035471,0.03696752054910817,0.12175861030942946,0.033285827857349376,0.9782939689619577,0.4357126404496749,0.4488200910708117,1.2221981575557725,1.6065738580746889,2.243591723768047,-0.5790136948152732,0.0
2.469407414008624,-1.0967729434551832,1.9352474030431261,-0.6339598586913759,-0.06893979620475318,0.018575945162973527,-0.8669707498280184,0.0867186667559608,-0.8153381098376422,-1.2349434286706997,-0.03872363302623386,1.5898768902429339,-0.2540197390169756,0.0
0.9410209153742155,-0.8456662927158187,-1.2834760706345334,0.45386015695535986,1.7556123851014458,0.20895445213315375,0.8266474465370726,1.4951244101964767,-0.036530349682143665,-0.15206328166124988,0.4720883506306324,0.6500191061181695,-1.3989750886832097,0.0
0.2957256262707503,-0.0006814094431951005,-0.789518839110313,-0.06981039017768698,-1.1653248318627252,-1.510927729873684,0.06684824964102819,0.902077023395576,-0.3472907381533582,-0.9607292638076759,-0.8052987855879996,0.5489445177665526,1.6673852179425974,1.0
0.7704561914272967,1.3007918992485574,-1.0476236977701687,-0.07392991673480406,1.0186908504244077,-1.3991775812272325,-0.6583732136264119,0.9420191570415324,0.2584257707883491,-0.9651109322826832,-1.6308214072069103,1.3373151813650062,-2.0533843835409216,0.0
0.6323951789703047,-0.533044435386697,1.0470683163633505,-1.0421482998089031,2.6147989353617693,0.4022988556883816,0.5670692187855894,-0.7730471867768427,-0.1333803341988265,-0.10744907275618028,1.7960683292516828,0.40057677142778625,0.5438297064032385,0.0
0.5326488764818643,0.6286108990845968,-1.3894535097427898,2.0492681080367143,-0.8774885721949597,-0.03840433566908717,1.5314828975216277,1.9346252967373612,0.8059540797314746,-0.5046946897455464,0.12773455294429992,0.1669672791078544,0.20239045730913388,0.0
-1.2300530274124641,1.2601095323954874,0.1345889759377787,-0.7222187689499412,-0.4983930877474412,0.26985003550871284,-1.4029066495584066,0.8784350761659566,0.23473030240974177,1.5656896170260923,0.07758372113457053,-1.0852679397855494,-1.1978031898773356,0.0
-0.39070561391242825,-0.2849047666215309,-0.5672617146575817,0.1284805329184348,-0.5926436938856765,0.254205894424239,-0.5206484156682695,0.6317037077345713,-0.3100987933768239,1.2462066722674323,0.6522946997896532,0.1935853398117053,-0.2076772666399089,0.0
-1.5190097253286228,1.4135494046739219,-0.6807770784172995,0.0907321344022193,0.3438043235358821,-0.18351155957805923,1.3546010543580276,-1.2213709174087466,1.7339348069873373,0.6715575575083162,-0.24642058683446932,-0.23522999393128835,-2.2168215039038417,0.0
-0.8482327701681013,-0.3539037550130431,0.17610497603090786,1.259581244452227,2.0375456248289514,0.27226709880257305,0.20560931214296568,-0.4903517675118684,-1.71510014332287,-0.6057865262052162,-0.20550107974602289,0.975394420665162,0.5195145315819467,0.0
0.22154522390106024,-0.5808000934892528,-1.982116749044131,-1.9217560487326542,-1.6637364669420118,-0.29200667620471776,0.9940444377179896,0.9670655699608834,0.7937157620774362,-0.5150954835180395,1.14426316611711,-0.9310705762898435,0.8533934388588761,0.0
-1.6745763197880554,-1.1771122438872184,1.6526150609705634,-0.20383461382920437,-0.6809698594164493,1.1027587086656538,1.217371623557272,-0.43328080809922265,0.2784634529421369,0.13690742540714348,-2.8271014407300004,-1.3958600787637274,0.9422544141820767,0.0
-0.8326042490427499,0.5298378960650637,0.2630404513455334,1.2154327701278818,-1.3637914884078566,0.39420584096125216,-0.06541445813544404,-0.7897743406749475,-0.796796410279238,0.22748088082566342,0.6296701710517916,0.06359628254429475,0.09471425185727866,0.0
-0.4984944040360237,-0.43218581704972403,-0.7924703583578975,-0.5186016516950283,0.5946755918349974,0.7064056244338486,-1.2758756158061375,-0.8964366752815985,-0.7103980236691914,-0.06403686176641572,-1.6831528060364036,-0.8789070477383408,-1.3855815130220728,1.0
0.40048213421011625,-0.029674942332264656,-0.4625475254423696,-1.0632772807680213,-0.4470964512891947,-0.5646921157579213,1.6346665525198718,0.9970197115817702,-0.6907079259289202,0.1651953409524569,0.9442086465859958,-0.6910141872962882,-1.41711074097327,0.0
-1.7968585209326238,1.2722669199146075,-0.19106238146991764,0.291325232874699,-0.5742373753190599,-1.2678989184896843,-1.081300824839098,-1.341034792292609,0.8499944144688751,1.4925611583320504,0.037243962475022596,-1.5177990932003989,0.49658419083560834,0.0
1.2649846649925427,0.9716667674833938,-0.029131048484993927,-0.23448223662688258,-0.03716632120973069,1.225249004976716,0.7603654278213822,-0.38575699962330207,-0.4109152757903968,-0.4816950487406851,-1.0646326335523015,1.351838235745386,-0.7878237477464387,0.0
0.49027606566675336,-0.6614276383178324,-0.47722388203336225,-0.1138807667229712,0.5452424248342077,-0.2592238817854791,-1.1392051716173321,0.019081331079100712,-0.7666717991916299,1.543838306914531,-0.25994450247258905,-0.6679693380711357,1.9748007996533428,0.0
0.738889702442473,-0.8967741138042163,-0.7909140599966039,0.4741829810906816,0.04347630103489869,0.8901755427204745,-0.6626763009915833,0.701109124798477,-2.238288341108044,-0.15444186925877187,-0.6171791460107319,-0.45504662066741985,-0.10287464612607856,1.0
1.138503639593696,-1.1540398793210471,-2.18804300441,-1.0380535711116134,1.0224359319281595,-1.6449913354915748,-0.5719476405848767,0.8395773748118313,-0.05842854325435377,1.1287067208503205,-2.0348954834495037,-0.32160908753101564,1.3371771663549992,0.0
-1.1268816461321651,1.0348098433880861,-0.23569038306016202,0.4341294250559228,1.2646569070225409,0.4298361510480887,-0.5912495593693663,0.5620627521252283,-0.6617998452810052,0.273366852785388,-1.2518429594247726,0.029094673412294915,1.1892930782887645,1.0
-0.2987697225650584,1.0936904388493114,3.0934295306709054,-0.028947314811212464,0.6141921562419851,0.4768625848820571,0.2251036591740787,0.7878960241588959,-0.24809503187266307,-0.6625441002745424,-1.526322771430508,-0.34275849308682865,0.9014341651353672,0.0
-0.9397971111931315,0.24667789653275737,-0.12310986353093074,-0.6207181230425978,-1.8530403297532667,1.3628546991207866,0.5171905303833785,2.66528782770926,1.0794130139575415,1.3405439786485478,-1.7493537310233982,-1.7668353645615593,0.04231206105258708,0.0
-1.1481154234813125,-0.6812868468440255,2.526264180124968,1.189876171681861,-0.9356555423317963,-2.3661205135698755,-1.0199373381040502,-0.5571944429387224,-0.3212636692600758,-1.279046251076621,1.1298505923307947,-0.7114607938582533,0.6485776726027095,0.0
0.05388742189102205,0.9384770550860423,-0.23792032844304545,-0.9249864386579703,-0.5985872041019659,-0.5844851143578045,2.064550551576234,0.07650527183928826,0.00463281470387729,0.8820265407085491,-6.985475412913281e-05,1.12167631931437,-0.3720777607011143,0.0
-0.4736397504126892,-0.980273496014828,1.8500473300507014,-0.06982482376560468,-1.1740424596214953,0.196827221979218,-0.6500538770634406,-0.38960123145393105,0.3107534317277182,1.5209852402541009,0.10158535817304085,-0.7110367704551509,-0.5049148422942278,0.0
0.6564471869104684,-1.9583409157869407,-1.0426822762960921,0.21264607619734027,-1.7066695773747482,-0.31251787913486384,-0.4782650356575161,0.8774485220756677,-0.2502823331191997,1.186691382603047,0.078873023238061,1.7764511308092663,-1.3874889643917714,0.0
1.6171268412679776,-0.41112715622938945,1.4739497012264093,1.1852346998851642,-2.8519078407826752,0.47916821031983947,0.9976197628078978,1.3285927366711168,-1.1766371857794227,0.5903428970142299,0.1950736786657281,0.4314089669663246,0.9989364865930185,0.0
1.1567098527264343,-0.6557429547644712,0.2654193318466565,0.04113531721212799,-0.23935262226965515,-0.1437752111690407,0.1959872420566366,-0.6019816024672664,0.8830367785308805,1.2693082882918496,-0.8205765555858956,1.318329887939122,-0.8186934242261409,0.0
0.8977869116897852,1.316478810590568,-0.09451069607983914,-0.8104977419837787,-0.5886829977116296,0.3618568656488565,1.9646544124099643,-1.69273284103671,0.10024196481197747,-0.08807214909701203,-0.45652176176810966,-0.08078194172861485,-0.5421968218490776,0.0
1.2431554118624077,1.3424938066667251,0.08813527114702263,-0.14114501348629035,-0.4930366726270651,0.09028133775267654,1.8478310288676252,-0.10373423620135826,-0.8394323980262596,-0.397761891346851,0.7534699617688799,-0.717736704047605,-0.03370609466252391,0.0
0.4728831351627392,-0.6418628560530267,-1.7644057207650516,-1.0713854638531022,-0.8587665088729738,-0.22882730585664127,0.04429966139527734,0.8237012973771113,-1.227256008664707,0.6782868707071752,-0.37092351114980154,-1.7855472988818477,0.013573659384204923,0.0
1.3162675514999682,0.883114551658483,-0.07627041102206733,1.1257706161287506,0.19222268054730474,0.9811888278224382,-1.6616023349688018,-1.2496728152602647,0.7290359855727196,1.5392824943448236,0.4172957309125057,-0.4973368733758023,-0.8505158585732895,0.0
-0.31531516359480805,1.2136369917167649,-0.3425270382873943,1.047761241387419,0.6525731254545449,1.7139258004269935,0.2002618715365074,-0.0495963611820413,1.0976721056802679,-0.9352627952980184,-0.4440169771109373,-1.6800047455298481,-1.2543245590479954,0.0
1.9233718797298098,0.6923145736406997,-1.3707015829729348,1.194828994627055,-0.7036975461953431,0.640950608333397,0.6260136043956713,1.664990700082699,-0.5377297505004549,-0.7402293871800347,-2.6890425147584587,-0.12177312669317193,0.725329831984233,1.0
0.8619738352694734,1.2523993796287587,0.28980574199839365,0.5047811182391668,0.06812044071361423,0.7074548355529011,-0.93424235709999,-1.4084648309152514,-0.828738009441283,0.21362371758665685,-1.3004246658052474,-0.6332441596041881,-0.6012942830351659,0.0
0.7818212109654562,0.6600954605303792,0.07048609225891711,0.45106488163755687,0.4707904439669705,-0.36361955713297156,-0.5424993063877285,1.536686415622371,-2.4891278048023238,-0.7413033689372526,-0.20378252140990608,0.559951427319347,1.1355065261031918,0.0
1.8567316041881468,-0.0917106828701304,-0.02473562468983367,0.3626100606151799,-0.5311209383289219,-1.1842372720558751,-0.09625046626401842,0.7453722920017978,-0.24292344617648085,0.4134353887180931,-1.8688173128715362,0.01840462341945858,-0.40344659071432515,0.0
-1.2751237554911852,0.6572125035848473,1.8456455692743152,0.9899589256808854,1.0537490054784395,0.7124770346168041,0.6464514496462197,-1.799431935575516,-0.127950950071989,0.5086697666458674,0.5314047812008672,1.2717061892697048,-1.032397649633179,1.0
0.6072716154076987,-1.0650410039926135,-0.2116995898390602,-0.06196300723527569,0.8625709140489516,0.7449533884003442,0.12033058771163876,-2.1520375212207092,0.4448337329920538,-0.2676764770387872,1.3918058916191005,1.1534935443403689,-0.9380229069056579,0.0
0.5821742389905853,0.6019106061604044,0.5291835796169257,0.39958107474559873,0.6301545864682502,1.501485815573996,-0.5513803332265366,-0.9058096232571202,0.7827151355055033,-1.8833620946311582,0.6540238605628704,0.476938968542047,-2.345502523612224,0.0
-0.6363366596103653,1.5759745256079842,-1.4571765307159399,0.21259161494942858,-1.0049052999937846,-0.7089463040617656,1.9163188204273385,0.12344434578613944,0.516950688562923,-0.11246457642651411,-1.515133314097623,-1.1849232068976612,1.1784303256422324,0.0
0.15289214834573467,-0.7702883559564846,-0.022051801256860123,0.6615979632839485,0.4544888475833129,-0.7697892002158454,-1.5753032789371535,-0.40704654322154593,1.1090486359367069,0.8543769651072106,0.4104032649251625,-0.17088041146611152,-0.5167467620606174,1.0
-0.15232840445435986,0.7817716643021211,1.0101906122357613,-0.2617867649222678,2.5362313095275932,0.0924037757770562,-0.3469554499349018,1.4756694386095508,-2.0382965297622753,0.4800336945653555,-0.07279839263329689,1.4481843198713584,0.6049233586501919,0.0
0.13910216984165838,0.6626337975465487,-1.0555823121207522,0.9668198344788589,-1.3445857570134712,0.3584973808143647,0.03561434108602459,-1.7630545763714252,0.06894205809604963,0.2819867517062984,-0.654875973957791,-1.012421998842608,0.4921774034283972,0.0
0.36231500116080956,0.22681908925404357,0.008841772354883677,-0.5665630169755967,2.2721814526647686,-0.2983308402480882,-0.8651133634687833,0.05442727521013373,-0.18094104631111765,-0.32151280841649044,1.8742760906059859,-1.1297478180046072,0.037437068793705765,1.0
-1.0626730249285117,-0.5410247713960286,1.736115949895032,0.28144505572189316,0.2693705951883843,-0.9394812281278543,-0.4246215587167818,1.8231215215585033,0.49936224643691113,-0.33971485164290466,0.4406072569699391,0.26766386321120894,-0.8394396538518765,0.0
-0.36880824852207394,2.2545361021078656,0.392002583446641,-1.5690420113095427,0.510210148246411,1.3030882730279463,-0.9043781801527275,-0.45684229668348014,1.453770954958518,0.03491246882623035,-0.1428782227912899,-1.336058029878479,1.0705663084808672,1.0
-0.18846903675062704,-2.1709829351567693,-1.5726375147662541,-0.5615806151826976,-1.0728422931626356,-0.9159617536999785,2.3446698953034306,0.707523013666104,-2.577345022994343,-0.31432191122050235,-0.0894934073538681,-1.4769339339366343,0.534386305535943,0.0
-2.0413893251399187,1.0969469577703703,1.441529981722884,2.3525850789570026,-1.574329254232913,-1.3708973585001358,0.692672034252731,1.1826800550659773,0.8089526613585721,1.0797170071942606,1.376827361965034,0.20225039552923285,-0.21254991342059257,0.0
-1.3681772079254038,-0.2981054052157986,-0.1448884023308962,-0.9496845733242552,-0.03822420115706395,-1.0623789670794828,1.1133323363471697,0.4258244691791599,-0.459603688838314,0.1888406078260851,-1.10508976235815,-1.0036927631192636,-0.6338546382772227,0.0
-0.19192807040910095,0.14120181248902403,0.1451563668960057,-1.3187776664973003,-0.08072888289215824,-0.8180553205815546,-3.408966737450634,3.0755855315229494,-0.7986507259529114,-0.7431521541448055,-1.3464361223605918,-1.0574929546971739,-0.18867231491411646,1.0
1.351813324120028,-0.19434867154767999,-0.32356230923467477,1.2002739770213877,-0.5243965305350834,0.02114939557566584,-0.9215700652129813,1.6851335009525699,1.0485102400358464,-0.15298736953336672,-0.399443281870726,-0.031839456636738726,-0.13838257861080067,0.0
-1.5468196653226733,1.0826674514253745,-0.2271377802443857,1.8983403760461453,0.42181571076258223,-2.5210866501296927,-1.2816234498490506,-2.146055106718261,-1.2940480543188981,-1.6336016741893802,0.25256749038184045,-0.31608534160627566,0.7405399180288891,0.0
-0.03809958267396152,-0.24030906814483508,2.0032069492693436,0.22282263385850226,-0.08051151750257445,-0.8534409200680431,-1.1759135156696274,0.7705010183921014,0.7106959978348593,1.571578738949,0.4789115933028156,-0.3931028374395457,0.511010278770317,0.0
-0.08030060220394074,0.8653851340737699,1.3343318268520439,-0.16855634638378766,1.7573096398147392,1.1883472676215194,0.017684339431070815,0.6707432750579384,0.3054968869801836,0.021993992804293625,1.9131450564730104,0.5176044609906912,-0.8409683606310597,0.0
-1.0279696769286086,-0.9870969204522275,0.4895045009181733,-0.34151367231905744,0.3332937166127775,0.9363962849613726,2.0287135304322885,-0.31847323368835706,-1.4085506073332303,1.7924020653307267,-1.4571008223190713,-1.496428707455792,1.766450259966898,0.0
1.0662315277374794,0.48484034122618197,-0.049920997453473885,-0.23920401739525404,-0.6508260249943387,-0.2830431742754161,-0.04741538103072218,-1.3744498919394217,-0.820228515972456,-2.1119182488641957,0.07792745210031338,0.07810120108432671,1.7785154362651796,0.0
0.3755549220325589,-0.5560420669153782,-0.20035500169973294,0.4868223125111016,0.2276126265450017,0.5782859192115981,0.3770447735379349,-0.2526442651900007,-0.5357932910729996,-0.5895622039599662,-0.9252712846220588,-1.0821192837745255,1.838463930862475,1.0
0.1247101516460557,-0.1553014511083345,-0.49588431617290624,0.4288791093309329,1.203663886056073,0.7232644762557399,0.9215890873115105,-0.5865287821839787,-0.004129241783379574,-0.5733781118589595,0.10703139880324217,1.2725910080582106,0.43940384490384155,0.0
1.6267143659960517,-0.28852361045014174,-0.8069610540170469,0.5121284866942792,0.11885836322281895,0.32270225316466755,0.1732201629664981,-0.48443437335147616,0.1957360477699997,0.9733705358291709,1.0761077079019543,-0.48951659918537177,0.23100593173048486,0.0
1.4771110828815874,-0.4678907490595244,-0.6494463994325517,0.7944029639688708,0.6189592069804789,-0.8369760817321111,-1.3994605969575116,0.21155610229634703,-0.4185970978649264,-1.6840762546284136,-0.6872025238484647,0.602609815034575,-0.15141071091099462,0.0
1.5661040450186607,-2.0872374104187394,1.3379923714871487,-0.34390337976618857,-0.4884213359563802,-1.551193836648253,0.46508184914275924,-1.826761993993574,0.8179036445979173,-1.5133640650417612,-1.3557059602369106,-1.1912146166826818,-0.7159499673934974,0.0
0.9420759410995008,1.5039565336216543,-0.6125935489400272,-0.04656310130606564,0.4899173090725113,-0.3293123637339053,0.4507576272929965,-0.0040794715040313265,-0.25345987875653136,-1.4198156949020975,0.14904319792466986,0.9583757046480575,-0.7782778477402827,0.0
-1.9682706341893295,-0.3195506422953036,1.5097706448075194,1.2119499354877503,-0.5804622057825858,0.4555150049898566,0.6135459131505667,1.490338121489666,-1.5505822962005054,-1.0688282306296446,-2.0097553612366537,-0.6784091983448722,1.0663055674688349,0.0
-0.5597191599556809,-1.3081889298203062,0.22663641748209828,0.25236883678735456,-1.0170494529513343,-0.5060459071847999,0.15057652064562613,0.7459864966917888,-0.6488724534890523,-0.7929763467106745,1.912554689431941,-0.27402623074477794,0.2494343042140543,1.0
0.6483649563956297,-1.786886035147921,-0.018526961698505685,-1.6457162846736633,-0.13077744876740208,1.3731239018364885,-0.998468326721944,-1.6664191897478233,1.887685776866593,-1.147057175402172,-1.4985789972269905,1.6190315693901793,-1.1864699217971546,0.0
1.6449142097286245,0.2740908281706544,1.2839570766734367,0.1860663360952508,1.0797023647287574,-0.9184488225807672,-0.6136027640233338,-2.1155114710946537,0.9717814777578513,0.4195693433153503,-1.0073246253294221,-1.7489020483179183,0.28181314862514345,0.0
1.6759545347721903,-0.13796092258232334,-0.6584460385217168,-0.937074280147968,1.2493487077663223,-0.7792478244102747,-0.371179100017682,1.0417349079187792,0.6374816048363169,-0.33290932998667877,-0.6989769412493453,1.465578289745381,-1.1163696751059817,0.0
-0.2102851851273841,-1.5058764873423012,1.1888671779370352,-0.474885875883006,-0.6996257987156558,0.6616624653847273,-1.4255153713021405,0.6353813812188407,-0.3605427920675063,-1.2052992147801944,-0.9902629702618188,-0.6842000995617376,-0.4440436754637384,1.0
-1.1985260738412136,0.2945159895680461,-1.2247219839556684,-2.3651224531382886,1.9196196287975227,0.19792754909896695,2.009491591645575,-1.0436593500270501,0.47979471428799825,0.8946086988632601,-0.18934625817325595,-1.4444499755786808,-0.26448113422229463,0.0
0.6263969330962396,0.5882204499006984,-0.0016286124580567824,0.8972879431717461,0.8500861214923535,-0.5236676000595035,-1.5204196548582072,0.19043390801078877,-0.7466375660204068,0.1437486008992903,1.345529853551899,0.43749201587109754,1.2962557092217295,0.0
-1.0114798010165704,1.087455738680692,1.6765979316516664,0.06432200670802558,2.322053393697689,-0.8574312117286053,-0.6388338697594519,0.6499355504284685,0.05446554483018867,-0.7429073327812283,0.6191040766157678,0.3555415133323936,-0.5862766765322488,0.0
0.1890516260443727,0.7590255206309258,-0.608458786498512,0.5169958096408876,-0.8670432275213472,-0.6738243809748471,1.1115873132202774,0.6137462931064309,-1.8868375081077238,-0.374224625042534,0.4896967745931596,0.13886561718833837,0.6182042451839522,1.0
0.1159816597822965,-0.13259767347933296,-0.16316213583724165,1.091179313594536,0.6949395864306234,0.4047438037454619,0.08883309890077759,-0.5488186913802184,-0.3067536641615389,1.0646711244368772,0.9705024945362163,-0.6485724296954335,0.09991984772490084,0.0
0.498467322614065,0.4331844114066636,0.4254826830634316,-1.112074818376736,-1.1714840885478104,1.170194743361313,1.5090251988918544,-1.4815211390434568,-0.027760136644663376,0.8140507973333223,-2.203778503759745,-1.0733378580790447,-0.09219702212713034,0.0
-0.5972386560582158,0.20914350114554867,1.4704820276836883,-0.8527976275132332,0.05027289131537464,-0.34479612299418294,0.13636530807313918,0.005800119116093905,2.6371981991325426,1.4895774588475794,-1.5809355206372318,-0.9001347629725085,-0.777857258208614,1.0
-1.2342754841278012,-1.3683629807891347,-0.17836642469478214,-0.7396875640116412,-0.8907936664659647,2.0204739770927964,-0.6708776207596805,-0.44316772781320113,0.7414564869926152,-0.4465284720744135,-1.1656735104517029,-0.25793970385173065,2.008733422896103,0.0
-0.48144209026492446,-0.9117667358298499,0.42023033084902134,-0.3059144876599708,2.738994127673045,-0.7868969517266005,1.7337307202100498,1.163389549889045,-0.38134530312189385,-0.0035152946563967767,-1.029879858544512,-0.5384415296230124,-0.38844582960233465,0.0
0.15785353101045632,-1.4126801259740627,0.311484670336292,-0.14586842129664834,0.39810780101283255,0.5473066422443585,-0.22593544385578487,0.48819777689128646,-0.0871761614259313,0.7434729894280655,0.31612581635972364,0.18104150114604156,-0.10244597613406584,1.0
1.2958159129500124,0.4051852292950227,-1.3214624729985989,-0.47195076926388085,-0.22858480832683586,-0.001123160305806167,0.17670735122650694,-0.9442167142768114,-0.06799786041492521,-0.3141213472548699,1.0847442427539598,-0.9950783093212762,-0.017378600008166226,0.0
-0.6853851123404602,1.862995915519793,1.2566136026534809,-1.6423579153905978,-0.7962136850857378,0.8709232920677197,0.4572830480432015,0.42593178264631393,0.19085270575958982,0.9511998850679138,0.7809766043974591,-0.29055613971950045,-1.199258499926927,0.0
-1.6900652611931473,-0.10363872523710055,-1.8399016642437604,0.2509967236754093,-0.3080315381174099,1.9439110364614387,0.3431292724923068,-0.02922517956231853,-1.616169719730329,-1.2623210853160043,0.6813541422662691,-0.31309666098906663,2.5353757480395003,0.0
-0.08305129483526144,0.1689222801387536,-1.316896981477928,0.9474315655153154,-0.9257208874157766,0.5244120819106874,0.8117933141706285,0.09519325906802627,1.756970935637303,-0.6107030716502497,1.6755402131215482,-1.2709460185999022,0.7990284918796359,1.0
-0.14241348129145637,-0.7081325911132682,-1.6612787487320162,-0.2606691439168123,-0.3238150801807051,0.17290622295445826,0.7248149763107393,-0.8084661731053451,1.7582676811706,-0.5385347123056182,0.6021939790273997,0.09016738326328343,-0.1987097136555822,0.0
0.04005718226503185,-0.9402875181706042,-0.3875661325724314,-1.3397552532961494,-0.5492703361202698,-0.46666692701793866,0.8452213627713431,-0.33192519334705567,-0.44808162373737237,0.22004016665403928,0.18085260932256295,-0.591040671314955,0.394228392518798,1.0
-0.17864719767805468,-0.5926633006550066,-0.4954788309389938,0.9493506893519429,-0.4654279932595579,0.26112533650614317,-1.2824002643804635,1.11530499839226,-0.5829942741584911,0.4002894967438871,-0.25156812800309686,0.38883415779245845,0.4434402203646929,0.0
-0.14466326021010456,-1.8659645482942695,1.0910151094082408,-0.13990266230083556,0.36800600717406606,0.6917186899082688,-0.4571741471430292,0.5171354566044623,-0.7476020941242406,0.387542856478548,0.01970276347787093,-0.42249514350045675,0.04699217031299818,0.0
-1.0551934733961519,0.30903992767389743,0.41282207902281864,0.34564013990411424,1.5021708275409826,-0.09497371410501602,-0.026122672127904794,-1.1702694011216996,1.572469491542905,-1.4981433951345067,0.22856360669987755,-0.6147810737085848,0.062316612674639116,0.0
-1.3080592721265918,0.8916634697708784,-0.9551795982995399,1.1662531130994866,-0.9276104518562901,0.9752124191044055,-0.8309648763890146,-0.6146097112651743,-0.0018460883641200111,-0.8479267034837824,-0.8773757845800412,-0.836341302998555,0.31885558460594066,0.0
-0.00044939868226160235,0.05263122789364539,-0.3246328543608767,0.5486998998606691,1.0500580311206225,0.5756170642012262,-0.20897155124932942,-1.2207850836743253,-1.977080699684078,-0.0648648503730946,-1.9931914128915524,-0.1993053333355725,1.402623198806571,0.0
-1.1534700506312088,-1.286106948013911,0.6369342294142225,-2.805741419290195,0.38180814039544986,1.4685092757274931,-0.87248490939501,-1.0442397471178835,0.59002329759953,-1.1707437774262215,0.8108187237344604,-1.0893099282488663,1.7684023353344187,1.0
0.6623056457282293,0.038043810189799326,1.7107549430923548,1.0315437078517016,0.36861677694331074,-1.8632199337384816,-0.7014940410693866,1.0854095888705064,-1.3001260432076007,-0.7657232733027048,-1.0220977875066108,0.40235682632124237,0.9636118108628806,0.0
0.9645989185912373,-0.8528193960722639,0.38865852236868087,-0.8998826170456962,-0.21054849973803336,0.5201680989460166,1.0613753366291845,-2.1493969936611563,0.09863469140849897,1.4072933035299422,0.23221942967536735,0.08261327279331242,-0.5630071514803686,0.0
1.3807529677862802,-0.5167840952112729,-0.10014939044932804,-0.4702131785317291,0.10819550851496382,1.425651999048196,-0.906106530576663,0.11255326425186621,0.3910645002158086,-0.8123321349693472,-0.059015856110719835,1.8513401194910784,-1.7684893278879517,0.0
-0.4212007381574018,0.2505595069300925,-0.37594296933225585,2.8862474705641117,0.5486907364812927,-1.0443691628594758,-2.336759355320309,0.3402758627518537,-0.7556191238075392,1.2888985062786533,-0.27486556291038367,-0.5683516406695304,-0.5852471571449845,0.0
0.9865091738292784,0.4155830398339642,1.755956723790878,-0.21510711620318848,0.8622794120530326,0.8793760844116465,0.6738134530635596,-0.5098578190466422,0.47340803004578785,-0.09724244006400126,-0.12351627109154253,-0.8058102916852656,-2.1203387412307233,0.0
1.2483763641981849,0.4315583692859805,-1.3431982196769263,0.7177104605479809,1.2681354929902422,0.7776674467161618,-0.8916381788329305,-0.7319918925357974,-0.547876014847448,0.8610848062038113,0.47895985916800976,2.7902916215481857,-1.6408850617178827,1.0
-0.05259833656866505,-1.9277552593431986,0.5966479047345142,1.0668946186472568,1.4421061167681433,0.18852209286478902,-1.9133093709277296,-0.050148570806248335,0.43678989402435897,-1.005146254684147,-0.2649786635224417,-1.277049634596047,-0.6127045293578621,0.0
0.9124665694033126,0.6801629467912917,-1.3952195094364415,-0.7049851476380655,0.05709198477574067,0.22652431854787222,-0.662895756545944,0.4764574533215925,-0.03528222051476279,-2.576629766860556,-0.5716703272767002,-0.6002257301105709,0.6782737003897429,1.0
0.6960592371780476,-1.67210277092788,0.43847175699656754,-0.07396384540069194,0.12642440812473676,-0.6138270186937304,-0.06182992276768087,1.1503268225783398,0.112185759091425,-0.042426705617893655,-0.4792033741962163,1.0522559337439636,-1.2807878166672102,0.0
-0.8019696017829179,-1.3382113817853876,0.2006851750501655,1.179747606415444,-0.3287954175694484,-1.0694055347748608,1.6364464837049708,0.4512830666483995,0.2775241436342788,-0.19019064217300183,0.6690141718574816,0.2618555642786702,-0.48126842837938083,1.0
-0.3138026268128607,-1.019886801013034,-1.1445651875274974,-0.2966521950968329,1.154214892291474,-1.0341632121613418,0.8363700292574102,-0.7989348536567993,-1.786603072697699,0.546599758589076,1.6287680875747823,-0.8557350802680281,-1.5698709089001601,0.0
0.45491475108002216,-0.9231741954719951,0.5366465784709282,1.1514795942038418,0.3306174956029355,0.809768308345471,0.8166121536347003,0.9899467121786301,0.0452107675574809,0.7790764273936542,0.16440174615631162,0.3913201719352258,3.0517113199186254,0.0
0.2416005235856662,-1.4977599328033662,-0.1974191775176412,-0.31052575564227347,-0.26479360175461414,0.9534424262529655,1.1305913976640294,-0.10563524269739709,-1.3918743485189218,0.0990955751831076,-0.5433887420956671,0.21040471397131932,-0.1209618921899113,0.0
1.2163576184010862,0.2748080464638976,-0.5401916442214952,-1.3855322473838472,-0.048014163898390194,-0.0444373539462197,-0.26246074870366565,0.7753237514035657,-1.3827784910375778,-0.7625440635395795,0.05291759948613458,-0.5595082189549743,-0.35670923817641353,0.0
-0.06025136786417357,0.6859649334136272,-0.10057365354972804,-1.969684456351816,-0.6027970090177134,0.49578427530007935,0.7626736387665549,0.8178578781761044,1.1011776699620626,0.11843727708998884,0.26316498086964685,-1.013908546259582,-2.1745753127845444,0.0
-1.4175825835778983,-0.7018375516904384,-1.3597045513308106,-0.2929269400601429,-0.46208826064125613,0.9378270139020575,-0.9691364877878681,0.14058191718395388,-0.4197676934168404,-1.0065785663268685,-0.727711453968096,-2.051259705080245,0.7483468268936336,0.0
1.4022612537480246,-0.26746611704111733,0.029062087394311206,-0.29585784040585905,-0.8200912815300638,0.7049028602108764,0.31906832515161476,-2.912134379379116,-1.0346107474091157,-2.053061249564026,1.5554143453885827,-0.17182877244573935,0.24070156169627935,1.0
-0.35329513508022375,1.1026967262900866,0.860705172594434,-0.21547918302051558,1.7179930556752252,0.18531814223287382,-1.4601250751388217,0.10001873751356005,0.5174406577262857,-0.1332247525482743,-0.41148304524296236,1.7643613162299692,-1.1858624587153284,0.0
-2.76371382510995,1.6190540309298447,-1.2260473960896476,-0.2866180384982139,-0.37743215506224964,1.2317484906985203,1.4348563796268679,-1.2923754541051926,1.3569096281854005,1.3384103162161816,0.019354940924970265,0.9325425553198583,1.032829953944756,0.0
-0.2524278512258994,-0.15756655755032156,0.5893280470744221,-1.628524966635811,-0.35380666651458875,-1.2003587463033485,1.4235782029990198,-0.3655826245023269,0.2763737230933523,-0.21841193597251027,-0.2834840854582331,0.21096628758662087,-0.7306436648021343,0.0
-0.19848235146757265,-0.20584299723508792,-0.4232152998682912,0.39105690774524765,-0.44699593201448135,1.6111149824119573,0.6289641080405277,-1.3493100547414034,0.5508779440386216,-0.6894796975078973,0.13569017540545353,-0.7311954406273489,-2.1944038873761773,0.0
-0.021733492928393876,-1.4344157588479596,0.4197153887313245,0.17478482580652052,-0.6038845439405806,1.825537038023988,-1.2392874673043803,-0.6243376512561662,-1.120691582383748,2.0413160322592208,1.3522441416460782,-1.422121864330431,-0.8255810416535906,0.0
-0.791658658455098,-0.5507270177628557,-1.0427806538333146,-0.6057510370112883,1.0048722690599978,1.9469123360789875,-1.5443981788774233,-1.0411071232672129,0.21355944438023328,-1.5803056396160509,0.23943202139122532,0.540102787129729,0.7006525500269745,0.0
0.5121445264962363,-0.5352485471564018,-0.1816695614667046,-1.1795275861432954,0.46433865463762597,1.6033602671351217,0.4622008990673889,-0.6950007358270536,0.9947918526992257,2.365646694778936,0.24314977161361484,0.5544728438546679,0.6777010940660436,0.0
-1.6044572658517375,-0.41112217268528495,-0.5138664215304726,0.8348666488959479,0.7183693078940818,-0.12073674273294784,-0.5738780590087155,-1.6865959597067834,-0.015412528608262106,-0.9545681147788345,-1.0785013395781125,0.9262687641225866,0.8219197950467836,0.0
-0.4885941580995001,-1.569044281307634,-0.8258115802437064,0.9932539613271925,0.46771861697624134,-0.47180479742235776,0.058753176876907134,-2.07482191795682,-2.1505243870347823,1.977126520521058,0.5065262183396557,0.0016620642592542914,-0.39695618400826194,0.0
-1.7618339895314747,0.9932141274860892,-1.1368887631303972,0.7041826453334828,0.1320007655425615,-0.05209446412348703,-1.3023663190646029,-1.2890500046726057,0.3899343863125882,0.07921682442001851,0.04716707326337889,0.2860415925136875,-1.936743490127042,0.0
1.0151438399404868,-0.35589974061435725,1.169645022120437,-2.0083240047858415,0.5690260055274303,0.5595792977942611,-1.486132673356657,-0.6392561176021365,-1.0595063959501991,0.8632126225052527,0.30888848288924303,1.5988488259017537,0.20295393428196556,0.0
0.732244186889558,1.1720107413805076,0.5544267265077274,-0.38418320295177927,-0.5702944452615362,-0.07973342752853681,0.7965837898100904,-0.7661030618529515,0.6521535261796981,0.3226323183103053,-1.2533061231994815,0.6035352591904276,0.14192101285235245,0.0
-0.5505242111902932,0.12742857271426894,-0.5116510232840712,0.24767206468977693,-0.16796036964655253,-1.5299242320096162,-0.13803562188224064,-0.44268389543081,0.6355863542987947,0.8797684959457444,-0.5090017618305099,-0.7893954765857517,-1.680154047758961,0.0
-0.8140371230174078,-0.32326877439227036,-1.3392633361542141,0.8931365923302197,0.26216196044069456,-0.12041671401989905,-0.016671304395135284,0.30604495358511286,0.6330949778695086,0.8090076368472653,-0.3091309953130807,-0.14193494678428714,0.17297010594416382,1.0
-0.18276132798463166,0.8723174158868706,1.227322438138098,0.34407331452816153,-0.9081916412932373,0.5084011208320753,0.3836990542108262,-0.9920420253174967,0.3825999593287268,-0.5441905186460121,0.7460938150772825,0.5002705218000001,0.22298653883572364,0.0
0.03854673388916923,-2.1333720733363393,-1.2142751046573363,-0.130801219789871,1.5193835478035362,0.5646810681327797,1.814046329058915,0.08298719365424297,-0.030850763825272586,1.4251251865870396,-0.15921430483934854,-0.9864699064811835,0.31675411761736444,1.0
1.122513981992394,-0.8259475130812093,0.5890435396780328,-0.0932365086643296,0.45134978456705627,0.3135338770450984,-0.4143043916358271,-0.10618786104854232,-0.3532278267338046,0.11874822003972352,-0.8460972013395615,-0.6070849354948239,-0.4139604055192921,0.0
0.3917029056213892,-1.4155339292881792,-0.10712963484093185,-0.7082089975535188,-0.41141191368493285,-0.660169197515097,0.19457198091630912,-0.15711329491889997,0.7116102236545875,0.4017314054166394,-1.5370460843900455,-0.9599990572953289,-0.17310728612401202,0.0
-0.04293519400307513,-0.8717807697458232,1.3039743705145472,0.8646877407722353,-1.6447408424975563,0.34542636035848484,-0.04579653672244556,1.243875040571261,-1.569883927543632,2.0598548112400503,-0.8429456615999527,0.37852681893202467,-0.6063569769056688,0.0
-0.37615891876102336,-1.6894179894802415,1.196886763916562,-0.2696473522415064,-0.20165791269967645,2.312481905516079,0.9594427089965875,-0.6683612761723191,-0.6102559003644767,0.2598012105948643,0.7707299135137735,1.7524420498081419,-1.6080993587888226,0.0
0.7270193073540817,0.887669311435047,-0.78950685133539,-0.36025990152728143,-1.63033164455577,-0.5008936956512298,0.23209408472244217,1.5941174615220233,1.6863654589486519,-1.029299501614386,1.4578591798568084,-1.9493452552108483,-0.5849299185682824,0.0
-0.301810107076798,0.25178939075434725,0.10651034054688654,0.3656985242180596,-0.1829574255102161,0.9595886883794996,0.6918356374107179,-0.28956287144711274,0.8423936901903476,2.0684353405210794,-0.673258454789669,1.6753365159340758,-0.5834753165999902,1.0
1.4103259559504977,-0.5459360003532663,0.7656624251562598,0.1796331105979691,-1.7852584679238899,1.9155523724856514,-0.8954519890080467,-1.2695993113567914,-0.6394387806715084,2.531247233263117,-1.2537135875801377,0.1782435176836276,-1.1231623263411525,0.0
-0.951708238164947,-1.5994225691295507,0.3151682037984205,-0.161219851248817,-1.1313662435732894,0.8732034679584414,0.9787207152077464,0.4072186081807713,1.1706699391741384,-0.34901026596470397,0.3223746965844759,-0.3451496572880415,-1.5073331179376817,0.0
0.2192464008313578,0.15867790637445828,-0.030194307942056735,0.3738753902434395,1.4119024337098602,-0.20441998158067412,-0.957168769241226,-0.2477510094580059,-0.13684003336280262,0.9835885739481924,0.1066631033251192,-1.1481893580192406,0.8054578635708917,0.0
0.6451278387938414,0.10710245176461455,0.9482464636378202,1.1156070112433916,-0.3774404902857792,-0.9001612335098023,-0.011876419701249552,0.53661172543583,-0.10535493870336059,-0.9884235827556973,0.16267197252071916,-2.0335006699905054,-0.3244610722095339,0.0
0.851165899490164,0.9054383674547759,-3.759778926676893,-0.19258410445319316,0.5992757952212582,-1.1760820724323144,-0.37195467490632816,1.207716755909506,-0.4841634165777435,1.5986416689053058,-0.7411857164500156,1.4098801716180314,0.0335635548712162,0.0
-0.8783272872002639,1.4132140829193054,-1.2064749535815509,-0.7959722440593294,0.489919407289479,0.08081739450261613,0.27396375625287794,-0.3683183231562406,-1.1993935113641656,-0.6522557630512951,1.3203992814466707,-1.3369808960485758,1.6444674333499452,0.0
0.31585898655854244,-0.596804905853097,-2.0020529844773582,-1.8706855841180934,-0.35588389985990065,-0.47704406575757213,0.11774857446304501,1.719144334338687,0.5375940162702407,-0.12868878274457135,1.2168443567400216,0.15065392673910555,1.5997089937601792,0.0
-0.672086293367362,-1.1477907718575986,-2.0003322762548583,-0.10541125747840863,-1.2346415233570895,-1.2488031324896824,1.034319416401822,-1.7221016246734302,0.10355847249732097,-0.0832327102706568,0.09213114833163037,1.384102468745975,-0.8256913036108847,0.0
1.3849484870983504,-1.7602050561470506,0.6507410370664645,1.4763733788711084,-4.054050084760234,-0.0353929251300813,-0.11673064491608603,0.0718485092054428,1.7115579209900993,-0.7636308663285756,-1.1845085301794887,0.07912268275917479,1.1243134413060067,0.0
0.5586348831048197,0.03432199683105384,-0.2292310028121693,-2.0069303289812357,0.585862528617211,0.7053405829585855,-0.6923335681532666,-0.4647198667929127,-1.0482290209604836,0.8681234727892986,-0.36586628069437727,-0.14930466732200925,0.6292641163439292,1.0
0.3269740534294587,0.5632811347670267,0.17483730603549721,0.19711833512270038,0.1876378543642535,0.4529157593490103,0.5015070917140133,-1.2247079607460514,-0.5971942512852318,-0.20335826350199554,0.45181825649554924,1.5974233628262424,-0.813223031633301,0.0
0.878651675380188,-0.5689465122804294,1.3705168356446544,1.9123439317969537,-1.748013693628663,-0.3263335657073688,-2.350244682017548,-1.6898360245591053,-1.6275252402537044,0.6240659748112869,0.4369836443271035,0.8012444546610487,0.6079165183749211,0.0
0.4850648214662459,0.1118570513446818,-0.1308803053453823,1.0195977320447756,0.012277889024038651,0.5251789815885975,-2.3302853340321397,-1.17506908085908,0.9802242536452651,-0.6684349334331847,-1.3953575178324074,0.64129233148137,0.0013343252784288457,0.0
-0.40693917131358454,1.5091109687410915,1.3374341079154177,-0.18783719961506878,0.7223753048192962,-2.238703812238559,1.0933590328972784,-1.0865865087360398,-1.452141935416829,-1.7852650478415524,-1.8625518897786406,1.0803255409004417,0.6311447092848549,1.0
-0.7658596426094598,0.8548990367382083,-0.5949814292091709,0.323649441488623,-0.4823090268978925,-0.11996312886729316,-0.9081969077676442,-0.7598176288010622,0.5440961809526252,0.7047789667612497,-0.41412411478061106,-1.5255402442685426,2.471247044911231,0.0
0.03669665823123859,0.3121408294074028,-1.261329798412582,1.2152335489844328,1.367895263158605,-1.7080348576403142,-0.1023856276254179,-0.18043697061963715,2.388446816546841,1.4436138071278952,-1.450778413969171,-0.7280521795492748,-0.8929940151805965,0.0
0.371676376850925,1.5722088807644028,0.10917403255031957,0.5011662364378279,-0.6643087043431437,0.49580769815947084,-0.471917834014505,-1.6407595313306416,0.4308707091351166,-0.009852421611612788,-1.0971975431847565,1.6453853251039992,-0.7664539894617151,0.0
0.6091013144388354,-0.3625481905501642,1.5435772188575818,-0.23758791372856586,-1.674628088610252,0.8100021142190945,1.5395439876897339,-0.42761139759599337,0.6788848096524487,0.12943160504877893,-0.3827159554255117,0.8407603776220373,-0.800035989352325,0.0
0.03249520478711702,0.2573567266044524,0.2210893703587029,-0.7754067583538699,2.0596052199686836,1.2622453328221122,0.9904125587495874,1.4332129749778615,0.06876154773738401,-0.3712903014303694,-1.0890357755343976,-0.7034315879526488,-1.0140233803039944,1.0
-0.5281054814225066,0.27647562613317805,0.9140248992114072,0.8863535077888532,-1.1715076452289261,0.6891293188030049,1.1438574374137096,-0.25423512855534014,1.1977500275755386,0.8758002601002077,-1.264590942512968,2.19173618640787,-0.7156475641499574,0.0
0.9574199478255231,0.921222000398584,-1.2240119016099749,0.17897948450604165,0.9089163105392096,-1.2346133079847001,0.09961615984631164,0.992673054368966,1.0572405997871053,-0.39707302428463814,1.54436921590882,1.3055220583513327,0.24122796394240045,0.0
-0.6589514432671091,-1.1658518220320357,0.37754566144911406,1.4645125710568294,-0.1471526657771903,-0.8590818437412217,0.8249238851759952,0.17451249618392536,0.5159049871985987,-0.5252786709698904,-0.36985121143726585,-0.5299956636731306,0.49916912281783493,0.0
-0.3393956804311121,0.5924243629711573,-0.6213716209419707,0.49750156863472295,0.7037811703160944,0.33154294960881175,0.9170434467595057,-0.4814564921291897,0.6926421329183462,0.23334531284098026,-0.8097338467569432,-1.9070320213610836,-1.6931601284733075,0.0
-2.2083615029085997,0.42612927756840413,-0.32476902174182104,0.08721233905052488,-0.18040158346201798,0.5816700728887932,0.6109124004478027,0.04290083373577415,0.10342044659406467,0.14336468837833707,1.3917829518338736,-2.0045985488274436,-0.6705208949485484,1.0
0.8652612935234563,1.1079024982750985,0.4272000835183058,-0.1841270085045376,1.8615597076727957,0.17781174992377502,0.030785990176296255,1.3317853130429567,0.47555113472368177,0.939830222189191,1.0569723333995764,-0.37247162239009696,1.7677318123639285,1.0
-2.4621201109260626,-1.9796569078072588,-0.680214622272303,-0.4233605562747566,0.3626246914354842,-0.6894445375093416,-0.01191838997282392,-0.20514267256779198,2.0044650639397426,-0.8049756592501087,-1.683044556561648,1.1190002325401045,-0.7139565666114869,0.0
-0.09166329085024545,-0.6461754501263732,0.737176098051193,-1.3742745555547298,-2.799191846895975,1.2957162884732945,0.24747081082315747,1.0726444171572447,1.2622119728929073,-0.9164662137923275,0.06066499789673189,0.5053884790955535,-0.10829207219647255,0.0
-0.31215121733579176,-0.21365118686149553,1.083542871305383,-0.25901219508755247,0.6002294676034764,0.3468928036820935,-0.96418300517011,0.30196948951412605,-1.538671072932594,0.4014332369443779,0.8911171862575001,1.1214140290969221,-0.9526901406292525,0.0
-0.5361540713968559,0.2840652070645226,-0.47592481153544475,-1.9288769827960086,-0.5416964737564463,0.2802016382406274,1.0675283146404824,1.689208495226213,0.12494783429007675,0.5664944863977914,0.9607839913137912,-2.050559490616751,-1.0192160915095339,0.0
0.10256220357251783,1.5559448682197812,0.6297607318736517,0.3296996045890158,-0.22811203854489995,0.42679413062350674,-0.5964406015321919,-0.7798292795319931,-0.6929369985919814,1.340481511172945,-0.8402520707952791,-0.39877708783112,0.47101123182555843,1.0
-0.8801848525192214,0.22616391232419403,0.2258041934068164,-0.6244541087598886,-0.2587802203372214,-0.9435762899283295,1.3827660035426448,0.2575938606238543,-1.0486430788055976,0.1263180830336694,0.1715941620649114,-2.2432398437392296,1.3404440443429446,0.0
-0.9896081122814591,2.090214687137168,0.7952907609706656,-1.126829739967246,-0.3142506207998759,0.9226181605535483,-0.23775273805544583,1.1782373344185941,-0.37606880777811863,-0.07866523286254021,0.950150030210835,0.6033909931799872,-0.9252274374790533,0.0
0.4340516364110974,0.1674481106643085,-0.9117334276366605,-1.3904769934405894,-1.9313836649426879,-0.2944240848305464,-0.05400660274753027,0.5045780561876572,0.8204786195830969,-0.41385884310935467,-0.08307134704086709,-0.75872232098603,0.08723842080615696,1.0
0.9685086816382776,0.10114284144581506,1.1633254000085318,0.9517816603236241,1.45769783531325,0.12923243202707665,-0.5324301748574725,0.6212335227559568,-0.3729029968515096,0.5898516393246427,-0.662803306883641,-0.8284058519642044,1.216445983497484,0.0
-1.012574430814321,1.022247778776032,0.5860309701594453,0.09429756755876793,-1.89264485243463,1.4856591218474382,-0.9348396685724115,0.953153621879175,-0.6909408015438936,-0.7711632127184833,0.6686161119129306,0.5384650367777315,-1.1450975471936922,0.0
1.436759120537793,-0.20604566537607333,0.06892866703935946,-0.29707762396627957,-1.1027639110275498,0.735224461435071,0.2895506950282054,-0.8050848444458094,0.9441333299432593,0.05483694125400603,0.07637701661006964,1.7765186910911406,-1.6079997915169653,0.0
-1.6212039095709512,-1.3960050658404395,0.36363323316153223,-0.3590435830002776,-0.2795464523939192,-0.9424164116166525,1.665251273821698,2.001017970072886,0.898904562781537,-1.5072856728444286,-0.4868968574892246,0.8274611346197166,-0.045829347761381055,0.0
0.9022204455675815,1.2478153725783292,1.907195726692202,-0.6548651586560266,0.08128494703163401,-0.44076331179776523,-2.0007822399633985,0.7015877310571998,0.5634418012514096,-0.5468261531053455,-1.5980554919288952,-0.38412325900950034,0.7311266550111132,0.0
1.3373328801144235,-0.7125786628673275,1.1076963526575612,0.6224709161887462,0.4132340807846682,-1.2935521457432113,-1.2500954765732064,-0.8307859631004115,-0.3263875179599722,1.8007460692361192,-0.6622351004005362,0.7712514142512116,-0.46476323811533704,1.0
0.47270731286934553,-0.06298116578783874,0.17702312899378309,0.3696147959000166,-0.24945730537011496,0.37446404069715866,1.233915828586674,-0.7541154153573089,1.1858658229325614,-0.2652030056403091,-0.3709923006046242,0.6995593613610736,-0.3411591831082286,0.0
0.3191692505649167,0.22574790761132488,-2.0834871852821033,0.41758508210343187,-1.4411017013324718,-1.3648815747657501,0.36646374556247663,0.5365897673162806,1.2050494568389065,-1.0893675875642554,-0.7412790042757343,0.46436579384435633,1.2242774593557322,1.0
0.19217479206317856,-0.8779989492379712,1.5064170235811511,-0.26236653023108264,-0.23120062526390545,-1.4358473892084034,0.7240876749465417,0.8526055893805892,-0.7058310133901449,1.7512070590556648,-0.5871283872223454,0.6252544787960619,0.22364920529220952,0.0
-2.0255561949605245,0.5439034835448333,0.45412464617025505,-1.7663826639447804,1.5253332736995426,0.45818842986144465,1.2394011334213009,-1.7161072127711257,-0.41043229628233213,1.1806025060015,-1.568291355964205,-0.3811101548539942,0.4065015725605936,1.0
-1.8945803297587682,-1.3213897566641029,1.3820842349975802,0.05979460629015844,1.176700093659377,0.18209559589484822,2.4558964369948457,0.4387322831953444,1.2697789404348991,-0.2460864364903074,0.21072960841833846,0.6418707774290249,0.8078064585453064,0.0
-0.038990936386025236,0.0027443896919477134,0.5019197580404999,0.5012631221502066,-1.0250583975890395,0.22496115168273698,0.3207739266984101,-0.976318157303155,0.9059268329086948,0.4127446232219571,2.330649313469143,-0.026013512404384334,1.136111084032715,1.0
0.5391255715308864,1.9214395265532864,-0.9699807574356056,-0.4953140048001243,-0.9357074514692512,-0.0779176052398597,-1.1247243082075016,-1.5260839072552128,-2.133423503218772,-2.197469608996718,0.6563916905621474,-0.45543824967273705,-1.2337520608952637,1.0
-0.659079631712269,-0.5279029470391451,-0.9646002101572178,1.605550494237272,1.416828902814273,1.5884898486119396,0.17919638768811164,0.2804644869391698,-0.652614057384967,-0.8470711062287228,0.021725581754204828,0.6523560251466851,1.1957681518593972,0.0
-0.5459891430670105,-1.2527338487703794,0.7339849865662728,-1.8181435515292108,-0.03921056898860594,0.08930462581337674,-0.37878780123391786,-1.5452451085095624,-0.3656110090212175,1.6425424510016178,0.5917216013664158,1.161714602029519,-1.2172018271822573,0.0
0.2557079322773186,0.08834035169956315,0.10770545130312399,0.5558459327454801,0.14732250095658053,-1.1894590734994237,0.6132540489853971,0.8408842797305155,1.3194789706264387,1.3636528439175986,0.47643306685739056,-1.1428371080972366,-1.5293838342145964,1.0
-0.22709360644003984,0.9194709745270124,0.8550350681975698,0.27399926226317917,-0.03655923879121808,1.90373522419968,0.5740318758811348,-0.08727307689282854,-0.645441023666362,-1.0086053177092338,-1.1070640145901445,-1.0084934228173716,0.28095211325876274,0.0
-0.018069660530875612,-0.3259147622904589,0.7364779351019562,1.8091749341724923,-0.8233469362880002,-0.6742860432185861,-2.2170523917134606,-0.026330835469702555,-0.12762056842675376,0.8927902452143935,-0.08681272396065026,-0.5881092977955014,0.19268574230508714,1.0
0.557068359141653,-1.6177290591248354,1.0068909907320478,1.3063027867151187,0.5474551409799262,-0.9345550602819207,-0.32602653848190366,1.1828744957222317,-0.9782208536543988,0.6286437077651912,-0.05077200927315897,0.16019324950697242,-0.8357714773248105,0.0
0.33066428510214246,0.2590757371143357,-1.509358590566615,-0.004443894550369473,0.6138971570799764,-0.38528325029639365,-2.4477305511044136,-0.11481672489793714,1.46646793314532,-0.34446948946086176,1.428651082857209,-0.8123575563110357,-1.1609706457269826,0.0
-0.005102637822589431,-0.8225783677354022,0.3298577378605565,-0.37257085426537084,1.4739170452558095,-0.44166747121729594,0.08973696015192006,0.596335728443669,0.9563160394580482,1.4796426959421554,-0.23486326764099777,-0.3993080991380839,-1.9139166991963341,0.0
2.041711491414814,0.36096409723331874,0.7518080657722095,0.5557288749126208,0.04953488287599949,0.35035258050336204,-0.5596624491842519,-0.30209865073949355,-0.9502058003628824,1.5572439637235584,0.5614810098963533,1.9761725802543202,2.2963832459454188,1.0
-1.4041562396172487,0.9852283728730374,-1.3579636770304349,0.17741748846444985,0.3147294698595289,-1.2871661491075568,-0.7375183355411122,0.36035147577634413,0.17630069904063003,-1.0183715631345183,-0.6980310959397035,-1.491440288483909,-1.2029235458231364,0.0
-0.37142041151347505,0.9874531126976818,1.1142330745223,1.833436695380062,0.42426418515604564,0.18828306771669298,0.49514634099663846,0.485556017229915,-1.6165136005286993,1.8888733875541066,-1.9309389819619358,1.1487623963785467,0.05638697833170071,0.0
-1.0894971921547871,0.5313744300719089,-0.1181386049017058,-0.6825379961408232,-1.3814776637810224,-1.4655071290239299,-0.6109112994492002,-0.38698811770888,-1.2105425328388018,0.038480147646961546,-1.0681362020645206,0.360220720175901,1.2313793212716568,0.0
0.28937431619607523,-0.09383479098043475,-0.5348970378210952,1.4460986185752192,-0.1935157175257332,2.490223776779726,-1.1830358449121268,0.28990728266209026,1.4127236099687561,-0.6901363319176066,-0.2361243499754889,0.6261465078264342,0.3878902463977857,0.0
0.5596990642209763,1.160258474608265,-0.3467541141524911,1.4370258981347397,-1.7200149493993497,1.0774375455856713,1.1472056875763101,-0.7744703760540411,-1.4506361759769153,-0.23216740455974333,0.40380313082926356,-0.33509901169042156,0.5019421879571918,0.0
1.937743763269769,-1.3647119393673084,-1.9541051031857828,-0.06929765351622226,-0.6801685763075479,-0.4803149184056557,1.2669131494908887,-0.12061632482747255,-0.0289954207946979,-0.4367975442427738,-0.03880116862578531,0.2685014624753599,2.7845881991815777,0.0
0.2796574836121003,1.1626951686895155,0.1863995851446518,-2.027789330313295,-0.5670718337152199,0.2789107180088796,0.7234145437833869,0.21022859157852575,0.920351399771941,-1.4599847981791951,0.04879247561718569,1.3279630346854623,-0.9715599972759418,0.0
1.1205914322833002,1.068907459285044,-1.237024652521943,0.3378785611097869,0.15881399166842447,-0.17636269306245267,-1.526889222223716,-0.26305973613466643,-0.1562958673413667,-1.6983012857798843,-1.3051516370349752,-0.9269953934500076,-1.0482815652484718,0.0
0.32627037105610224,0.9115105268649091,-0.31054314680289036,0.7662895675089321,0.9524884604846289,-0.0852929430446581,0.4080437431961789,-0.22334515817082828,-1.1228297541951875,-0.7467594515448027,0.3261481606578947,-0.12132953961836784,0.7371730131098378,0.0
-1.8869870737826062,-1.646571565698065,-1.5282248533564522,0.16665318110387498,-1.378103098339042,0.32012916497693505,0.7530099210641454,1.5162497734193843,1.4059075516402755,-0.6954196543338286,-1.6696379930182157,-0.6319419983100859,0.9768357469361728,0.0
-0.3896900688397244,-0.024320590038729002,-0.5571607444011802,1.5812027649196847,-1.0144607648192092,0.0667655397313135,1.1082385610999124,1.8415494763953668,-0.6948021015386423,0.9608058661383752,-0.6322649935230937,1.377159868578717,1.7294670517292743,0.0
-0.8895948985377163,0.6534635088850312,1.1132865277717887,-0.29426738762309357,0.547714440193157,0.6000172606433531,2.0096501357897743,-1.971001719199911,-0.05591350205486029,-1.250253401920344,0.013798077733433013,-0.7828580025820913,-0.2549172193665906,0.0
-0.8741473386855251,0.1553674531356774,1.0738941701834959,-0.3727347874322195,1.4306222057285443,1.0439568080091193,2.034069018956833,0.4113570120574287,-0.06164404163127847,-1.5852371965435528,-0.781687121593047,-0.20790298949924071,-0.08950703116153806,0.0
2.348722402246502,-0.20697678155643767,-1.7683532892706062,0.6645703567778796,0.6064982402693239,-0.45892970443987857,2.1276704577526178,-1.8966210547429252,1.2494570995878644,-0.2910967040780286,-0.9504177782792909,2.4003982779374198,0.7366967302912816,0.0
-0.2984386831980448,-0.31876368886625245,0.27541883537021433,-0.46196351591836454,1.2996085246088043,0.08768539306257807,1.0175644516970628,0.20792634499666768,0.8698349991743388,1.3455097517464754,1.6809298322656987,0.4909466876202708,-0.8665470856410711,0.0
-0.17258226752844438,-0.026137869277960163,-0.5732088380786067,-0.7401542230035516,0.1745005692104103,-0.9833076381077314,-1.177400490672593,-1.6944358314583556,0.48033669483541563,0.3412479781479768,-0.32467550323983446,0.9942312757686517,-0.9988093573220522,0.0
0.38087410732189125,0.05416336043547961,-0.7406803386727723,-0.49254242979650464,-0.5694959800544428,0.25275396906144576,0.593428873655553,-0.42639383151459437,-0.7121045241176391,0.13722212852675678,-1.6517511675084546,0.0343574664422713,1.5617754845216862,0.0
-0.703963270212981,-0.17685516007494892,1.0245617493024457,0.7546733410751487,0.061839081724850725,-0.05852852606344226,-1.2355575753681636,0.49115282089779944,-1.3433750124114037,-2.0651848721211903,1.0081030694499344,0.386986298393111,0.8797356950578639,0.0
-0.7365096539346572,0.4663639661755989,-0.4390678986328795,-0.32724265296174926,0.973754124189568,-0.14979129320139586,-0.696385792092816,-1.3655184221115508,0.36068937586046423,1.059476167426843,-0.7831283900500206,0.6889789347092403,-0.9427786487334766,0.0
0.7493023032959852,0.03291446466145635,0.2678361725631803,-0.6974103483122771,0.35755086348684967,-0.597687241334642,-0.4136734921349413,-1.5176276465478438,-0.7721521608517999,-0.5254953029245336,0.31280951263873885,0.5956557755778746,-0.6079317764220916,0.0
-0.16444453822893465,1.6863852644611008,0.13110856308483526,-0.5368924444039023,-1.6796487601892922,-0.8539225133692266,-0.8928696180771593,1.977873720400379,-0.8484575222929908,0.05104292833824597,0.3707575588788752,1.1065249250189155,0.008024241859267253,0.0
-0.510314507600699,-0.576536551579884,0.3563799926798231,-0.6843394575398222,-1.104181142738765,-0.5105043218303988,-1.3244843412026566,1.8506165845205982,0.5965527100713772,1.6208438434145678,0.48543603674048846,1.524593030042564,0.36746466405591577,0.0
0.7261813209953358,-2.133719026541182,-0.9143295969761894,0.0369277752559716,0.06118776478988898,-0.07638101867283556,0.4529952770907027,0.49420293792998066,0.8651158170878398,0.6689935211041382,1.2040873995774943,1.2122336174264774,0.17466444887536464,0.0
2.0816487885643062,1.3593305349216147,-0.806950904465536,0.392603331057293,-1.8426181419156151,-1.6741982816823484,-0.49949433033576096,-0.875444928663746,-0.4933429500742559,0.32849386239658374,1.2252903058497304,1.1717519364731077,0.41319373696797196,0.0
-1.0871194190621218,-0.5573881212997598,0.637183325407212,-0.8261165015403475,-1.266916737563855,0.4923171256041569,-0.04836263658450752,-0.21091903980712268,1.1098019356523492,1.08880808365036,1.781117990739303,-0.6514117900064127,0.42973358089008773,0.0
0.01900847055735139,0.3383158317453486,-1.1343811757849072,-1.402473334435212,-0.04021613622880173,-0.842512589974095,0.9382076205512876,-1.5006773673585996,-1.4182008872462801,-0.4166624752488566,-1.5380750059329107,1.676003132097328,-0.18291737393629193,1.0
-0.6028007053640265,0.46796402562632067,0.8838485360207424,0.20695890108428602,-0.06809149289206254,-0.983472924704131,0.6309093189212194,1.416703090186196,-0.21971975486729126,-0.8487855003110211,0.18149576750069443,0.002649894000555205,-1.2163523825740405,1.0
-0.5026886992079616,1.7884857679782629,-1.347554867109096,-0.6906203534244281,-0.9487133745237626,-0.8602998421916145,-0.4454763941595193,0.4483821014612595,1.3085625306211315,0.2033215939283166,-0.6843818211635349,1.5399151458903244,-2.06856352100417,0.0
0.6734781528121572,-1.0267586190287965,-0.05092317746369712,0.5630999275507254,-1.6053761097164814,0.14165381825101833,0.21847706791352764,1.4623376821633605,2.715149317222517,-1.5529698057375536,1.4171536838325338,-0.03788023413976237,-0.8085712391320983,1.0
0.3690531702551681,-1.3022913956863225,-1.2426126338040278,-1.7351586382315876,0.5460890101232297,0.3270118250193118,-0.8143836950603836,1.5236018136916467,-0.6629556898348014,1.2829895941455727,0.122080877033541,-0.6763683230112966,-0.11498140324823784,0.0
-1.2537425388961907,0.21673336304427088,0.030550079363711347,0.5274474611171005,0.8791523930847382,0.11561577685320559,-1.4763216547774625,0.9323633324730479,0.014663966779665714,-1.8940626110633754,0.309614803964639,0.38512397390828645,-0.358479640930326,0.0
-0.19783685683711683,-0.5952651113967043,0.41612667951562726,0.1399913849928779,-0.9082287002911039,1.6179705787882457,-0.6658030693259585,-2.7065184578148633,-0.47067423625913707,1.0309375680363249,-0.20653203654993924,-1.6347797780842788,-1.028091443849859,0.0
-1.0809864157740579,-0.5752862450859605,-0.26170497646016877,0.4938546089339526,0.1284387049612337,0.17640378207212137,1.7793531257609778,0.8608293403149185,0.7728046636373008,-1.8131619460978368,-0.7518055974906431,-1.597023995774876,-0.7690528078456144,0.0
0.7948667126881095,-0.39282855391762567,1.0724415951599238,0.6931352020628276,0.05045277337203161,1.096046409420315,1.364416009769817,0.4543872704257778,0.2299671136221295,0.6333688092749624,-1.4065866873724093,-0.11757146367606526,-0.02399050971639267,0.0
-0.36874431085656423,-0.7894957947313558,0.9980452216359774,0.17005819154391613,0.2609907321924092,1.4245800712666272,-0.1953283552568741,-0.3887792432108021,1.3612931244392328,-1.4907393797155357,0.05119111997989789,-0.7376424334574151,0.29267911882183567,0.0
0.5719649347214409,0.6275907322840457,1.026239081898477,-0.25252732681086576,-0.19022128213728176,0.5266022143517697,0.8875016933061226,-1.3003038171383543,0.314121174679678,-0.39524432542817783,0.08715257038436107,-0.3566886532877254,-0.7227466062922852,0.0
-1.0185232628232228,-0.15102401497028514,0.3584057917558956,-0.6030078000737306,1.1898119668668736,2.458450343001416,0.41312512098394394,-0.041235524546684506,-0.9122627404246667,0.37005808836797927,1.4771757333683,1.948479410097344,1.3961557984866904,0.0
0.8433096283061091,0.41019337004716355,-1.0486680308803842,-0.09972154783013833,-0.21587813747112522,-0.09320403540725357,-0.719412212826802,0.7578619684363763,-0.27386479340704334,-0.3550304071434997,-0.7160266242110652,0.23229998827437015,1.4967745260557963,0.0
-0.010208296610537916,0.28174054846628865,1.9352605630400657,1.2034425392512902,0.5877448175521978,0.5456977662574383,-0.6030659077929138,-0.7008694488826097,0.14140815300503426,0.1667741051582895,-0.8497648690328464,0.7032966639474403,-0.27729788849711917,0.0
1.1273207357128776,-0.055408511789347734,-0.14392023003586704,-0.9373964495059807,-0.8278597351186339,1.3177643650776008,0.2689637469889793,0.38930238052263894,1.6006469568831228,-1.3175886203422427,0.6712557170413908,-1.5878908646931484,-0.43765194205337205,0.0
-1.1450870247085363,0.8585905459322004,-1.8897263520596241,-0.2300845113527955,-1.1587701931983774,-0.8548083726040118,-0.7007111641875738,1.3191045374986325,-0.3352294500315311,1.7273256960149022,1.9365863268465342,2.113683868623553,-0.0587669209521438,0.0
0.2103571393713612,0.37795564286277505,-0.36748782856076395,0.4243702588419519,-0.9351962071366474,-1.875475762797645,0.7141345994216136,-0.3497733047165035,-0.9766918380388624,-0.8502263026692443,1.5151218207653985,0.4641127909220957,-1.5223071824636853,0.0
-1.1869864125878562,-0.2918796058170195,0.47640935834203196,-0.7945713783728494,-0.17294667484532814,0.11455118823017668,0.13526840910267549,-2.3951362189992564,0.2216413718030646,-1.732859642940349,-0.28639848150095626,-0.5014150469084983,-1.078732899200186,1.0
0.8431672040012158,-1.1239758598967553,-0.5229368893874647,0.8787341730031907,-0.5515004059896605,-0.7585099906854254,-0.2681554440526296,0.5405025205710983,1.4463076047942056,-0.9361215979378245,-0.8550819654660907,-0.2763354049265346,0.23014065126717523,0.0
-0.7702466639973587,0.6885633678861546,-0.9172777514525626,-1.9008545894959628,0.5317752811656771,0.6475894731462453,1.0446506356327596,-1.9918997971571244,-0.6656150515228548,-0.25105816819874177,1.7569581734178839,-0.15920139497905889,-1.3465166880254602,0.0
0.29674046475479215,1.3094562257961135,1.0966389429608352,0.5617981643277984,0.26263236710816534,-2.2677523094508922,0.02566645505371209,0.17814026253173637,-0.15990967425109323,0.7070998874893646,-0.17599780277269508,-0.3685632050028,1.0389977216522546,0.0
-0.41358871377568324,0.06465407213912305,0.8975312796818823,-1.0106687512532224,-1.119186332161369,1.3579401556508528,-0.5927120036864085,0.6924324316861004,-1.7753210318402735,-2.5030515931086685,0.3642300583452601,-0.12752065178947503,0.37363144166404716,0.0
1.8747088026098386,-1.2373418199123851,0.038187894246429516,1.477466085582587,-1.0929901134966593,-0.5847270357728331,-1.7672852040015992,2.237849259168583,-2.2045405061678083,0.7985857026434424,-1.319799960780179,-1.050892232398696,1.0639539372232176,1.0
-0.742510432294443,0.6517875712270695,1.3800315838449921,0.20069698565236177,0.8892858492141632,0.08067319560268284,0.12700608527854637,-0.6349290958382272,1.9288594336731266,0.7428444941153298,0.5218052744526738,0.7702947580796035,-0.6772903351163431,1.0
0.9309718858524483,1.5558807814919127,-1.3806976217004363,0.5415628015383526,0.06279006983379161,-0.519184936375495,-1.0932559904451953,1.0519196629879783,0.2079896629249557,-0.2071300035022076,0.5423821134998223,-0.12748078751911807,-0.7040717217470792,0.0
0.12895204794554901,-0.02800596358185202,-1.7741879515183645,-0.6295665947759428,-1.264395001201074,-1.651402275155699,0.46769937292261926,-0.6687669298299082,1.0414062955191252,-1.8285963163439418,-0.29775393483322593,-0.6159263092764419,-1.5779646742033726,1.0
0.0050870321814767425,-1.4906645462979324,0.22271583962228547,0.7207587592734537,0.26755317632475656,0.39388349597587,1.0312349050740015,-0.026763401127037942,-0.8260276428851872,-0.6089515051561245,-0.5873741146982246,-1.0433387015436015,0.7842113034423567,0.0
0.5269028286833728,-1.6650032350808377,-0.82632446281534,-1.0919853548814664,0.31734600575340993,1.076509511123356,0.4481860233417833,-0.7011924616466628,-0.3189783023385535,-1.3928512565683007,-1.3161625167818407,0.8460497149246927,1.4441122031312545,0.0
-0.714768528809567,0.04811882013253013,0.7205237600012689,-1.6638422018388501,-1.0486866116355964,1.9936354852445843,-0.9577164978894083,-0.3618343094191579,-0.6029343603960319,-1.9947793578899735,0.08272253850441787,-0.025251624298867764,0.1808512144201237,0.0
-0.08457555734801674,-0.4598609409881913,-0.5172722003520555,-0.5001760291599592,-0.988689718846925,-0.833804612387308,-0.9719136797303582,0.5734104938952346,0.30610257045801226,0.027133848181837103,1.9422652108599197,-0.9256953099444264,1.1187768152532964,1.0
-0.26003017448777127,0.1571646849402645,0.6711362314607829,-0.4775365376919456,-1.0566978381736165,-0.8917758310250058,-2.106283817033566,0.6067961573212856,0.5827396266601188,1.583650556092384,0.41492890906870955,0.6552247474263606,-0.08154635586935696,0.0
0.46487922081604455,1.0895929336599202,0.1814722168586413,-0.5212315578387503,-0.22022623456152152,0.7518636032335019,-0.49126340627583076,0.8890663261711518,1.9085978716906984,0.901462134831806,0.7471359032087463,0.3476322610575045,-0.7768694835821801,0.0
-0.8675819660364124,-0.8776223901494906,0.5547320688485579,-0.3894628872870704,-0.028992391918700365,0.41865643065286473,-0.8404212882585693,-0.501923799627993,0.32288280162923705,-0.29085386910933625,-0.19745103155759566,-1.0326550162967236,-0.18391151734873337,0.0
1.6521699778678494,-0.44635250520094677,-1.1470108150440823,0.9581361576114047,0.5233549318416266,0.21261844251760872,-1.3186419658325006,-1.1766136831980702,-1.5373188497970214,0.4315315011504474,1.019868928501731,0.4652676067721454,1.9499023977166643,0.0
-0.4419036631654097,-0.3236694413348375,0.10656189139487766,-0.2294984157433143,0.49871090984980954,-0.6396209389387216,-1.3947243449424973,-1.7893405789915842,0.4805126237653721,-0.5259111206094603,-1.1695409804511758,-0.6190590699992168,1.9525319025954522,0.0
-1.1108933928361955,0.7271915303498016,0.4210935714491499,1.3414328180131379,-0.12309287161413895,-1.5603443984306897,0.9925453047807625,-0.24982231511278963,1.2744631298119515,0.815968893311694,0.9958695923806317,2.368481709325381,0.2819980448959579,1.0
1.4428550698112839,-0.4048455340297085,0.54071139666567,-0.5022707195718641,0.4792398390576296,0.3748054972734372,-2.06056654350608,-0.6117278936567873,0.2303157048723431,-2.2573929822109795,-0.09584437070518517,1.0084702898396163,1.3002464832257057,0.0
-0.7824447136784316,1.3644061735478676,1.2081165131695988,-2.147890697238864,0.11579191298432377,0.22642921121196807,1.5187952178927422,0.2863849609250768,1.3937310396080513,-0.780781685397097,-1.5980492533988642,-0.6478381876221059,1.5769884366803153,1.0
0.925919380006447,2.32246143364015,-1.4433294454101373,1.0413219796935618,0.7548661997734214,-0.2853167371629613,0.7759275916627246,0.13996481092348473,0.460307515541502,0.6805499310035822,0.9801092952550584,0.08681166616040377,1.7773360546128691,0.0
-0.21572532489511867,1.8837576206881352,-1.1278439284424184,-0.9850595246792675,-0.9265102653558246,0.9568607817256829,-0.8054615193072053,1.4901253606035465,-0.5264737108728622,0.3992856982483787,0.6400875254367353,-1.0157443230993222,-1.3907734367697053,0.0
0.28288320003417944,-0.27724163023246406,0.4984490078842042,-1.3456580793046395,-0.3567571679057837,-0.1818376415919023,-2.4374697364405926,0.9954572709571666,-0.757441845116092,1.4991613416725902,-0.6928307179141427,-0.5213267359929512,-1.241912118560478,0.0
1.1466127310885956,0.45416184951019833,1.4001357111325068,-0.20734899343834598,-0.041715746783079155,-1.6820132317703291,-0.6240443768695098,0.17049865476728931,0.3872008374664057,1.8239374733052667,-1.8509471562422533,0.22945475080387784,-0.3762372760973062,0.0
0.075503593238282,0.10271625131022726,-0.1911845622502341,-1.1331079181334598,-1.318777190506165,-0.26491178479649363,-1.4206174970149572,-0.11290427913488367,-0.25336944213892365,-2.4500353017098666,1.9336130761725319,0.07725766614591924,-2.437390140174539,0.0
0.2471329322088542,-0.2033893193515294,-1.3177656897206707,0.3093029407742589,-0.9421538551896016,0.19303262883244743,-0.7015096733891704,-0.9055791174799858,-0.01553384803541887,-1.622092978170468,-0.08253722561011644,0.6572537780129899,1.2706107907355413,0.0
1.0885682139941424,1.3533305158553264,-0.45471402622961576,-1.0246357515048106,0.8153563616035391,-0.5168933409882364,0.006262280260221867,0.7468670108353808,2.021097770387185,0.5288005101180483,0.20510298245065192,-1.1211108839903678,1.169355423558693,0.0
0.40864286078810635,-0.34714197016442977,-0.4504183541394284,-0.4068626209400097,0.043965202778243416,-1.4590070064701377,1.2180228047196435,1.0346733973054554,-0.16748835154045838,-0.40464948287015884,-0.02317770478486086,0.14656182558653955,-0.30009669608541784,1.0
0.9990850599828964,-1.424108171008566,-0.7119361699347364,0.7752419918640591,0.3242765424788702,-0.6795412504083771,0.40046846669703035,-0.7929604450864275,-0.31011583077922555,1.0437189455424534,0.9330835770651809,0.28823675776392393,-1.0511490372532666,0.0
-0.37765515009476963,0.09646564280937353,1.455421388065267,-1.7823694336427056,-0.8721440468998594,1.1286033921221759,1.3601670777939958,-0.0697137372778005,1.5384007412232437,-0.7333711544214297,-1.5092394040636194,0.7902302756791277,1.294704909612194,0.0
1.278029191982128,-0.8634446062125783,0.1993798628190012,0.8398180469600435,0.3009777132316948,1.4463567091461433,-0.40504585720127645,-0.07061581032150922,0.23619046150549727,0.8325541392362011,-0.19445973120180293,0.9274341439334087,1.6046247080549467,0.0
-0.5180711524016711,-0.16465937970990355,0.9677595917761538,1.9275283741370763,0.6359592853811205,-0.7862362700342146,0.19817226972311724,0.9601933517654916,-0.8125685673728732,-1.0783802033393082,-0.34498301655628866,0.6596335484385921,-1.3692142458420522,0.0
-0.6930787876715729,0.2736598851473396,1.0905187536488163,0.2902107430954355,0.3746847839326906,1.0049217190497606,1.5972578104763115,1.4855118868654729,-2.041361596067978,0.09805791246787714,0.9125158644180871,1.6997867310212402,0.6409866111852341,0.0
-0.8591862978604515,-0.727012868436912,-0.6990317609294159,0.30751888125060883,-0.4798220516244541,-3.0446621650731194,-1.1782890139284379,-0.4442491215191288,-1.3624824899215437,-1.2135294480908019,2.050970630490695,-0.008621894164396671,-0.38611470937849224,0.0
0.6673434277253707,1.1460694226503847,2.240615664455086,1.7053730180301083,0.4348088296250044,-1.5328079003432058,-1.0024823814069894,-0.40185844667481363,0.5065632050693992,0.09431652127843113,-1.473026738578449,-1.6517510276705176,0.2590080535837397,0.0
0.12004055034942096,-0.20987686761150998,0.4829260540400925,1.246812460894594,0.3100689366658237,-0.9416503547975966,1.915219635669948,-0.17630848262333892,0.04999763292752675,-0.6536580383262969,-1.0744135486632826,-0.9929943535717297,-1.2127942470685584,0.0
